,Carrier,orig_port_cd,minm_wgh_qty,max_wgh_qty,minimum cost,rate,mode_dsc,tpt_day_cnt
0,V444_6,PORT08,250.0,499.99,43.227199999999996,0.7132,AIR   ,2
1,V444_6,PORT08,65.0,69.99,43.227199999999996,0.7512000000000001,AIR   ,2
2,V444_6,PORT08,60.0,64.99,43.227199999999996,0.7892,AIR   ,2
3,V444_6,PORT08,50.0,54.99,43.227199999999996,0.8271999999999999,AIR   ,2
4,V444_6,PORT08,35.0,39.99,43.227199999999996,1.0552,AIR   ,2
5,V444_6,PORT08,100.0,249.99,43.227199999999996,0.7132,AIR   ,2
6,V444_6,PORT08,500.0,1999.99,43.227199999999996,0.6751999999999999,AIR   ,2
7,V444_6,PORT08,55.0,59.99,43.227199999999996,0.8271999999999999,AIR   ,2
8,V444_6,PORT08,25.0,29.99,43.227199999999996,1.2451999999999999,AIR   ,2
9,V444_6,PORT08,30.0,34.99,43.227199999999996,1.1312,AIR   ,2
10,V444_6,PORT08,70.0,99.99,43.227199999999996,0.7512000000000001,AIR   ,2
11,V444_6,PORT08,10.0,14.99,43.227199999999996,1.8272,AIR   ,2
12,V444_6,PORT08,0.0,4.99,43.227199999999996,1.8272,AIR   ,2
13,V444_6,PORT08,5.0,9.99,43.227199999999996,1.8272,AIR   ,2
14,V444_6,PORT08,2000.0,99999.99,43.227199999999996,0.6372,AIR   ,2
15,V444_6,PORT08,45.0,49.99,43.227199999999996,0.9412,AIR   ,2
16,V444_6,PORT08,20.0,24.99,43.227199999999996,1.3212000000000002,AIR   ,2
17,V444_6,PORT08,40.0,44.99,43.227199999999996,0.9792000000000001,AIR   ,2
18,V444_6,PORT08,15.0,19.99,43.227199999999996,1.5872,AIR   ,2
19,V444_6,PORT10,65.0,69.99,43.227199999999996,0.7512000000000001,AIR   ,2
20,V444_6,PORT10,45.0,49.99,43.227199999999996,0.9412,AIR   ,2
21,V444_6,PORT10,50.0,54.99,43.227199999999996,0.8271999999999999,AIR   ,2
22,V444_6,PORT10,250.0,499.99,43.227199999999996,0.7132,AIR   ,2
23,V444_6,PORT10,500.0,1999.99,43.227199999999996,0.6751999999999999,AIR   ,2
24,V444_6,PORT10,100.0,249.99,43.227199999999996,0.7132,AIR   ,2
25,V444_6,PORT10,40.0,44.99,43.227199999999996,0.9792000000000001,AIR   ,2
26,V444_6,PORT10,20.0,24.99,43.227199999999996,1.3212000000000002,AIR   ,2
27,V444_6,PORT10,60.0,64.99,43.227199999999996,0.7892,AIR   ,2
28,V444_6,PORT10,35.0,39.99,43.227199999999996,1.0552,AIR   ,2
29,V444_6,PORT10,10.0,14.99,43.227199999999996,1.8272,AIR   ,2
30,V444_6,PORT10,0.0,4.99,43.227199999999996,1.8272,AIR   ,2
31,V444_6,PORT10,55.0,59.99,43.227199999999996,0.8271999999999999,AIR   ,2
32,V444_6,PORT10,30.0,34.99,43.227199999999996,1.1312,AIR   ,2
33,V444_6,PORT10,25.0,29.99,43.227199999999996,1.2451999999999999,AIR   ,2
34,V444_6,PORT10,5.0,9.99,43.227199999999996,1.8272,AIR   ,2
35,V444_6,PORT10,2000.0,99999.99,43.227199999999996,0.6372,AIR   ,2
36,V444_6,PORT10,70.0,99.99,43.227199999999996,0.7512000000000001,AIR   ,2
37,V444_6,PORT10,15.0,19.99,43.227199999999996,1.5872,AIR   ,2
38,V444_8,PORT09,500.0,1999.99,17.6888,0.0332,AIR   ,14
39,V444_8,PORT09,2000.0,99999.99,17.6888,0.0332,AIR   ,14
40,V444_8,PORT09,0.0,99.99,17.6888,0.0332,AIR   ,14
41,V444_8,PORT09,250.0,499.99,17.6888,0.0332,AIR   ,14
42,V444_8,PORT09,100.0,249.99,17.6888,0.0332,AIR   ,14
43,V444_8,PORT11,0.0,99.99,11.1112,0.1,AIR   ,14
44,V444_8,PORT11,2000.0,99999.99,11.1112,0.0924,AIR   ,14
45,V444_8,PORT11,250.0,499.99,11.1112,0.0924,AIR   ,14
46,V444_8,PORT11,100.0,249.99,11.1112,0.1,AIR   ,14
47,V444_8,PORT11,500.0,1999.99,11.1112,0.0924,AIR   ,14
48,V444_8,PORT04,100.0,249.99,21.470399999999998,0.062,AIR   ,14
49,V444_8,PORT04,0.0,99.99,21.470399999999998,0.062,AIR   ,14
50,V444_8,PORT04,500.0,1999.99,21.470399999999998,0.062,AIR   ,14
51,V444_8,PORT04,250.0,499.99,21.470399999999998,0.062,AIR   ,14
52,V444_8,PORT04,2000.0,99999.99,21.470399999999998,0.062,AIR   ,14
53,V444_9,PORT08,5000.0,9999.99,231.3072,0.1036,AIR   ,14
54,V444_9,PORT08,1000.0,4999.99,231.3072,0.1116,AIR   ,14
55,V444_9,PORT08,0.0,499.99,231.3072,0.18799999999999997,AIR   ,14
56,V444_9,PORT08,500.0,999.99,231.3072,0.12240000000000001,AIR   ,14
57,V444_9,PORT08,10000.0,99999.99,231.3072,0.10200000000000001,AIR   ,14
58,V444_8,PORT02,100.0,249.99,17.5156,0.0484,AIR   ,14
59,V444_8,PORT02,0.0,99.99,17.5156,0.0484,AIR   ,14
60,V444_8,PORT02,250.0,499.99,17.5156,0.0484,AIR   ,14
61,V444_8,PORT02,2000.0,99999.99,17.5156,0.0484,AIR   ,14
62,V444_8,PORT02,500.0,1999.99,17.5156,0.0484,AIR   ,14
63,V444_8,PORT03,2000.0,99999.99,19.3644,0.11560000000000001,AIR   ,14
64,V444_8,PORT03,250.0,499.99,19.3644,0.11560000000000001,AIR   ,14
65,V444_8,PORT03,100.0,249.99,19.3644,0.11560000000000001,AIR   ,14
66,V444_8,PORT03,500.0,1999.99,19.3644,0.11560000000000001,AIR   ,14
67,V444_8,PORT03,0.0,99.99,19.3644,0.11560000000000001,AIR   ,14
68,V444_2,PORT11,500.0,1999.99,15.2272,0.0768,AIR   ,6
69,V444_2,PORT11,2000.0,99999.99,15.2272,0.07640000000000001,AIR   ,6
70,V444_2,PORT11,0.0,99.99,15.2272,0.1932,AIR   ,6
71,V444_2,PORT11,250.0,499.99,15.2272,0.0824,AIR   ,6
72,V444_2,PORT11,100.0,249.99,15.2272,0.0828,AIR   ,6
73,V444_2,PORT07,0.0,99.99,21.2272,0.22519999999999998,AIR   ,6
74,V444_2,PORT07,100.0,249.99,21.2272,0.22119999999999998,AIR   ,6
75,V444_2,PORT07,250.0,499.99,21.2272,0.1932,AIR   ,6
76,V444_2,PORT07,500.0,1999.99,21.2272,0.1924,AIR   ,6
77,V444_2,PORT07,2000.0,99999.99,21.2272,0.1804,AIR   ,6
78,V444_2,PORT08,100.0,249.99,21.0272,0.10279999999999999,AIR   ,6
79,V444_2,PORT08,2000.0,99999.99,21.0272,0.1016,AIR   ,6
80,V444_2,PORT08,500.0,1999.99,21.0272,0.10200000000000001,AIR   ,6
81,V444_2,PORT08,0.0,99.99,21.0272,0.21719999999999998,AIR   ,6
82,V444_2,PORT08,250.0,499.99,21.0272,0.1024,AIR   ,6
83,V444_2,PORT10,100.0,249.99,15.4272,0.20119999999999996,AIR   ,6
84,V444_2,PORT10,2000.0,99999.99,15.4272,0.1004,AIR   ,6
85,V444_2,PORT10,500.0,1999.99,15.4272,0.1008,AIR   ,6
86,V444_2,PORT10,250.0,499.99,15.4272,0.1972,AIR   ,6
87,V444_2,PORT10,0.0,99.99,15.4272,0.2132,AIR   ,6
88,V444_8,PORT09,2000.0,99999.99,23.54,0.047599999999999996,AIR   ,5
89,V444_8,PORT09,500.0,1999.99,23.54,0.047599999999999996,AIR   ,5
90,V444_8,PORT09,100.0,249.99,23.54,0.047599999999999996,AIR   ,5
91,V444_8,PORT09,0.0,99.99,23.54,0.047599999999999996,AIR   ,5
92,V444_8,PORT09,250.0,499.99,23.54,0.047599999999999996,AIR   ,5
93,V444_2,PORT11,500.0,1999.99,15.4272,0.0772,AIR   ,5
94,V444_2,PORT11,250.0,499.99,15.4272,0.0828,AIR   ,5
95,V444_2,PORT11,2000.0,99999.99,15.4272,0.0768,AIR   ,5
96,V444_2,PORT11,100.0,249.99,15.4272,0.0832,AIR   ,5
97,V444_2,PORT11,0.0,99.99,15.4272,0.1972,AIR   ,5
98,V444_2,PORT11,2000.0,99999.99,7.8272,0.0684,AIR   ,5
99,V444_2,PORT11,500.0,1999.99,7.8272,0.0692,AIR   ,5
100,V444_2,PORT11,250.0,499.99,7.8272,0.07279999999999999,AIR   ,5
101,V444_2,PORT11,100.0,249.99,7.8272,0.0732,AIR   ,5
102,V444_2,PORT11,0.0,99.99,7.8272,0.0984,AIR   ,5
103,V444_8,PORT11,0.0,99.99,15.1176,0.1572,AIR   ,5
104,V444_8,PORT11,250.0,499.99,15.1176,0.1572,AIR   ,5
105,V444_8,PORT11,100.0,249.99,15.1176,0.1572,AIR   ,5
106,V444_8,PORT11,500.0,1999.99,15.1176,0.1572,AIR   ,5
107,V444_8,PORT11,2000.0,99999.99,15.1176,0.1572,AIR   ,5
108,V444_2,PORT07,2000.0,99999.99,9.6272,0.1448,AIR   ,5
109,V444_2,PORT07,500.0,1999.99,9.6272,0.14520000000000002,AIR   ,5
110,V444_2,PORT07,250.0,499.99,9.6272,0.1456,AIR   ,5
111,V444_2,PORT07,0.0,99.99,9.6272,0.174,AIR   ,5
112,V444_2,PORT07,100.0,249.99,9.6272,0.14600000000000002,AIR   ,5
113,V444_8,PORT04,0.0,99.99,27.8012,0.12960000000000002,AIR   ,5
114,V444_8,PORT04,250.0,499.99,27.8012,0.12960000000000002,AIR   ,5
115,V444_8,PORT04,2000.0,99999.99,27.8012,0.12960000000000002,AIR   ,5
116,V444_8,PORT04,500.0,1999.99,27.8012,0.12960000000000002,AIR   ,5
117,V444_8,PORT04,100.0,249.99,27.8012,0.12960000000000002,AIR   ,5
118,V444_2,PORT08,500.0,1999.99,19.0272,0.1024,AIR   ,5
119,V444_2,PORT08,0.0,99.99,19.0272,0.22519999999999998,AIR   ,5
120,V444_2,PORT08,2000.0,99999.99,19.0272,0.10200000000000001,AIR   ,5
121,V444_2,PORT08,100.0,249.99,19.0272,0.1032,AIR   ,5
122,V444_2,PORT08,250.0,499.99,19.0272,0.10279999999999999,AIR   ,5
123,V444_2,PORT08,100.0,249.99,21.0272,0.1532,AIR   ,5
124,V444_2,PORT08,250.0,499.99,21.0272,0.1492,AIR   ,5
125,V444_2,PORT08,500.0,1999.99,21.0272,0.1484,AIR   ,5
126,V444_2,PORT08,0.0,99.99,21.0272,0.1852,AIR   ,5
127,V444_2,PORT08,2000.0,99999.99,21.0272,0.1476,AIR   ,5
128,V444_8,PORT02,2000.0,99999.99,23.3096,0.0912,AIR   ,5
129,V444_8,PORT02,100.0,249.99,23.3096,0.0912,AIR   ,5
130,V444_8,PORT02,250.0,499.99,23.3096,0.0912,AIR   ,5
131,V444_8,PORT02,500.0,1999.99,23.3096,0.0912,AIR   ,5
132,V444_8,PORT02,0.0,99.99,23.3096,0.0912,AIR   ,5
133,V444_2,PORT10,2000.0,99999.99,15.6272,0.1008,AIR   ,5
134,V444_2,PORT10,500.0,1999.99,15.6272,0.10120000000000001,AIR   ,5
135,V444_2,PORT10,100.0,249.99,15.6272,0.20919999999999997,AIR   ,5
136,V444_2,PORT10,0.0,99.99,15.6272,0.21719999999999998,AIR   ,5
137,V444_2,PORT10,250.0,499.99,15.6272,0.20119999999999996,AIR   ,5
138,V444_1,PORT10,0.01,0.5,1.5884,0.5883999999999999,AIR   ,5
139,V444_1,PORT10,0.51,1.0,1.5884,0.5883999999999999,AIR   ,5
140,V444_1,PORT10,1.01,1.5,1.5884,0.5883999999999999,AIR   ,5
141,V444_1,PORT10,1.51,2.0,1.5884,0.5883999999999999,AIR   ,5
142,V444_1,PORT10,2.01,2.5,1.5884,0.5883999999999999,AIR   ,5
143,V444_1,PORT10,70.51,99.99,11.48,0.10400000000000001,AIR   ,5
144,V444_1,PORT10,100.0,455.99,13.987200000000001,0.0968,AIR   ,5
145,V444_1,PORT10,456.0,99999.99,65.312,0.098,AIR   ,5
146,V444_1,PORT10,0.01,0.5,1.6728,0.6728000000000001,AIR   ,5
147,V444_1,PORT10,0.51,1.0,1.6728,0.6728000000000001,AIR   ,5
148,V444_1,PORT10,1.01,1.5,1.6728,0.6728000000000001,AIR   ,5
149,V444_1,PORT10,1.51,2.0,1.6728,0.6728000000000001,AIR   ,5
150,V444_1,PORT10,2.01,2.5,1.6728,0.6728000000000001,AIR   ,5
151,V444_1,PORT10,70.51,99.99,11.451600000000001,0.1036,AIR   ,5
152,V444_1,PORT10,100.0,455.99,13.9472,0.0964,AIR   ,5
153,V444_1,PORT10,456.0,99999.99,65.1296,0.09759999999999999,AIR   ,5
154,V444_8,PORT03,500.0,1999.99,25.438,0.2828,AIR   ,5
155,V444_8,PORT03,2000.0,99999.99,25.438,0.23759999999999998,AIR   ,5
156,V444_8,PORT03,250.0,499.99,25.438,0.2828,AIR   ,5
157,V444_8,PORT03,0.0,99.99,25.438,0.2828,AIR   ,5
158,V444_8,PORT03,100.0,249.99,25.438,0.2828,AIR   ,5
159,V444_2,PORT07,2000.0,99999.99,21.627200000000002,0.1812,AIR   ,4
160,V444_2,PORT07,250.0,499.99,21.627200000000002,0.1972,AIR   ,4
161,V444_2,PORT07,500.0,1999.99,21.627200000000002,0.1932,AIR   ,4
162,V444_2,PORT07,100.0,249.99,21.627200000000002,0.2332,AIR   ,4
163,V444_2,PORT07,0.0,99.99,21.627200000000002,0.2652,AIR   ,4
164,V444_0,PORT02,250.0,499.99,23.8384,0.0808,AIR   ,4
165,V444_0,PORT02,100.0,249.99,23.8384,0.08439999999999999,AIR   ,4
166,V444_0,PORT02,2000.0,99999.99,23.8384,0.0784,AIR   ,4
167,V444_0,PORT02,500.0,1999.99,23.8384,0.0784,AIR   ,4
168,V444_0,PORT02,0.0,99.99,23.8384,0.1004,AIR   ,4
169,V444_5,PORT05,100.0,249.99,11.6072,0.1008,AIR   ,4
170,V444_5,PORT05,250.0,499.99,11.6072,0.0968,AIR   ,4
171,V444_5,PORT05,2000.0,99999.99,11.6072,0.0864,AIR   ,4
172,V444_5,PORT05,0.0,99.99,11.6072,0.1464,AIR   ,4
173,V444_5,PORT05,500.0,1999.99,11.6072,0.08839999999999999,AIR   ,4
174,V444_5,PORT06,500.0,1999.99,7.427200000000001,0.0848,AIR   ,3
175,V444_5,PORT06,0.0,99.99,7.427200000000001,0.0848,AIR   ,3
176,V444_5,PORT06,100.0,249.99,7.427200000000001,0.0848,AIR   ,3
177,V444_5,PORT06,250.0,499.99,7.427200000000001,0.0848,AIR   ,3
178,V444_5,PORT06,2000.0,99999.99,7.427200000000001,0.0848,AIR   ,3
179,V444_2,PORT07,0.0,99.99,23.0272,0.2772,AIR   ,3
180,V444_2,PORT07,100.0,249.99,23.0272,0.2372,AIR   ,3
181,V444_2,PORT07,2000.0,99999.99,23.0272,0.1852,AIR   ,3
182,V444_2,PORT07,250.0,499.99,23.0272,0.2072,AIR   ,3
183,V444_2,PORT07,500.0,1999.99,23.0272,0.1972,AIR   ,3
184,V444_0,PORT04,500.0,1999.99,3.4552,0.054400000000000004,AIR   ,3
185,V444_0,PORT04,0.0,99.99,3.4552,0.0824,AIR   ,3
186,V444_0,PORT04,250.0,499.99,3.4552,0.054400000000000004,AIR   ,3
187,V444_0,PORT04,2000.0,99999.99,3.4552,0.054400000000000004,AIR   ,3
188,V444_0,PORT04,100.0,249.99,3.4552,0.056400000000000006,AIR   ,3
189,V444_0,PORT04,2000.0,99999.99,1.4992,0.0424,AIR   ,3
190,V444_0,PORT04,100.0,249.99,1.4992,0.0424,AIR   ,3
191,V444_0,PORT04,250.0,499.99,1.4992,0.0424,AIR   ,3
192,V444_0,PORT04,500.0,1999.99,1.4992,0.0424,AIR   ,3
193,V444_0,PORT04,0.0,99.99,1.4992,0.0484,AIR   ,3
194,V444_2,PORT02,100.0,249.99,9.0272,0.0772,AIR   ,3
195,V444_2,PORT02,250.0,499.99,9.0272,0.0768,AIR   ,3
196,V444_2,PORT02,500.0,1999.99,9.0272,0.07640000000000001,AIR   ,3
197,V444_2,PORT02,0.0,99.99,9.0272,0.0888,AIR   ,3
198,V444_2,PORT02,2000.0,99999.99,9.0272,0.076,AIR   ,3
199,V444_5,PORT02,0.0,99.99,7.187200000000001,0.08560000000000001,AIR   ,3
200,V444_5,PORT02,100.0,249.99,7.187200000000001,0.07200000000000001,AIR   ,3
201,V444_5,PORT02,500.0,1999.99,7.187200000000001,0.07200000000000001,AIR   ,3
202,V444_5,PORT02,2000.0,99999.99,7.187200000000001,0.07200000000000001,AIR   ,3
203,V444_5,PORT02,250.0,499.99,7.187200000000001,0.07200000000000001,AIR   ,3
204,V444_5,PORT05,250.0,499.99,5.8072,0.0824,AIR   ,3
205,V444_5,PORT05,500.0,1999.99,5.8072,0.07400000000000001,AIR   ,3
206,V444_5,PORT05,2000.0,99999.99,5.8072,0.07200000000000001,AIR   ,3
207,V444_5,PORT05,100.0,249.99,5.8072,0.0864,AIR   ,3
208,V444_5,PORT05,0.0,99.99,5.8072,0.132,AIR   ,3
209,V444_2,PORT10,0.0,99.99,17.0272,0.22519999999999998,AIR   ,3
210,V444_2,PORT10,250.0,499.99,17.0272,0.2132,AIR   ,3
211,V444_2,PORT10,500.0,1999.99,17.0272,0.1972,AIR   ,3
212,V444_2,PORT10,100.0,249.99,17.0272,0.21719999999999998,AIR   ,3
213,V444_2,PORT10,2000.0,99999.99,17.0272,0.1852,AIR   ,3
214,V444_2,PORT10,2000.0,99999.99,15.2272,0.1476,AIR   ,3
215,V444_2,PORT10,250.0,499.99,15.2272,0.1484,AIR   ,3
216,V444_2,PORT10,500.0,1999.99,15.2272,0.14800000000000002,AIR   ,3
217,V444_2,PORT10,0.0,99.99,15.2272,0.1612,AIR   ,3
218,V444_2,PORT10,100.0,249.99,15.2272,0.14880000000000002,AIR   ,3
219,V444_1,PORT10,0.01,0.5,1.5884,0.5883999999999999,AIR   ,3
220,V444_1,PORT10,0.51,1.0,1.5884,0.5883999999999999,AIR   ,3
221,V444_1,PORT10,1.01,1.5,1.5884,0.5883999999999999,AIR   ,3
222,V444_1,PORT10,1.51,2.0,1.5884,0.5883999999999999,AIR   ,3
223,V444_1,PORT10,2.01,2.5,1.5884,0.5883999999999999,AIR   ,3
224,V444_1,PORT10,70.51,99.99,11.48,0.10400000000000001,AIR   ,3
225,V444_1,PORT10,100.0,455.99,13.987200000000001,0.0968,AIR   ,3
226,V444_1,PORT10,456.0,99999.99,65.312,0.098,AIR   ,3
227,V444_1,PORT10,0.01,0.5,1.6728,0.6728000000000001,AIR   ,3
228,V444_1,PORT10,0.51,1.0,1.6728,0.6728000000000001,AIR   ,3
229,V444_1,PORT10,1.01,1.5,1.6728,0.6728000000000001,AIR   ,3
230,V444_1,PORT10,1.51,2.0,1.6728,0.6728000000000001,AIR   ,3
231,V444_1,PORT10,2.01,2.5,1.6728,0.6728000000000001,AIR   ,3
232,V444_1,PORT10,70.51,99.99,11.451600000000001,0.1036,AIR   ,3
233,V444_1,PORT10,100.0,455.99,13.9472,0.0964,AIR   ,3
234,V444_1,PORT10,456.0,99999.99,65.1296,0.09759999999999999,AIR   ,3
235,V444_4,PORT10,0.0,0.453592,1.4024,0.8543750824529533,AIR   ,3
236,V444_4,PORT10,0.45812792,0.907184,1.4496,0.9584333550856275,AIR   ,3
237,V444_4,PORT10,0.9117199199999999,1.360776,1.5432000000000001,1.164786200814829,AIR   ,3
238,V444_4,PORT10,1.36531192,1.814368,1.6164,1.3261647083722818,AIR   ,3
239,V444_4,PORT10,1.81890392,2.26796,1.682,1.4707880703363374,AIR   ,3
240,V444_4,PORT10,2.27249592,2.721552,1.7192,1.552800098767174,AIR   ,3
241,V444_4,PORT10,2.72608792,3.175144,1.7591999999999999,1.640985075574525,AIR   ,3
242,V444_4,PORT10,3.17967992,3.628736,1.81,1.752979996119861,AIR   ,3
243,V444_4,PORT10,3.63327192,4.082328,1.8532,1.8482197710718,AIR   ,3
244,V444_4,PORT10,4.08686392,4.53592,1.8896,1.9284680999664898,AIR   ,3
245,V444_4,PORT10,4.540455919999999,4.9895119999999995,1.9356,3.0298808232949437,AIR   ,3
246,V444_4,PORT10,4.99404792,5.443104,1.9815999999999998,3.131293546623397,AIR   ,3
247,V444_4,PORT10,5.447639919999999,5.896696,3.0276,2.2327062699518514,AIR   ,3
248,V444_4,PORT10,5.90123192,6.350288,3.0736,2.334118993280305,AIR   ,3
249,V444_4,PORT10,6.354823919999999,6.8038799999999995,3.1196,1.4355317166087587,AIR   ,3
250,V444_4,PORT10,6.80841592,7.257472,3.1656,1.5369444399372125,AIR   ,3
251,V444_4,PORT10,7.26200792,7.711064,3.2116,2.6383571632656664,AIR   ,3
252,V444_4,PORT10,7.715599920000001,8.164656,3.2576,3.7397698865941202,AIR   ,3
253,V444_4,PORT10,8.169191920000001,8.618248,3.3036000000000003,3.8411826099225737,AIR   ,3
254,V444_4,PORT10,8.62278392,9.07184,3.3496,2.942595333251028,AIR   ,3
255,V444_4,PORT10,9.07637592,9.525432,3.3856,3.021961812377644,AIR   ,3
256,V444_4,PORT10,9.52996792,9.979023999999999,3.4215999999999998,4.1013282915042595,AIR   ,3
257,V444_4,PORT10,9.983559920000001,10.432616,3.4576000000000002,4.1806947706308755,AIR   ,3
258,V444_4,PORT10,10.43715192,10.886208,3.4936,4.2600612497574915,AIR   ,3
259,V444_4,PORT10,10.89074392,11.3398,3.5296000000000003,4.339427728884107,AIR   ,3
260,V444_4,PORT10,11.34433592,11.793392,3.5656,3.4187942080107234,AIR   ,3
261,V444_4,PORT10,11.797927920000001,12.246984,3.6016,4.498160687137339,AIR   ,3
262,V444_4,PORT10,12.25151992,12.700576,3.6376,4.577527166263955,AIR   ,3
263,V444_4,PORT10,12.70511192,13.154168,3.6735999999999995,3.6568936453905714,AIR   ,3
264,V444_4,PORT10,13.15870392,13.607759999999999,3.7096,3.736260124517188,AIR   ,3
265,V444_4,PORT10,13.612295920000001,14.061352,3.7456,3.8156266036438033,AIR   ,3
266,V444_4,PORT10,14.06588792,14.514944,3.7816,3.89499308277042,AIR   ,3
267,V444_4,PORT10,14.519479919999998,14.968536,3.8175999999999997,2.9743595618970353,AIR   ,3
268,V444_4,PORT10,14.973071919999999,15.422128,3.8536,5.053726041023651,AIR   ,3
269,V444_4,PORT10,15.42666392,15.87572,3.8896,6.133092520150268,AIR   ,3
270,V444_4,PORT10,15.88025592,16.329312,3.9256,2.2124589992768833,AIR   ,3
271,V444_4,PORT10,16.33384792,16.782904,3.9616,5.291825478403499,AIR   ,3
272,V444_4,PORT10,16.78743992,17.236496,3.9976,2.3711919575301152,AIR   ,3
273,V444_4,PORT10,17.241031919999998,17.690088,5.0336,5.450558436656731,AIR   ,3
274,V444_4,PORT10,17.694623919999998,18.14368,5.069599999999999,5.529924915783347,AIR   ,3
275,V444_4,PORT10,18.14821592,18.597272,5.1056,6.609291394909963,AIR   ,3
276,V444_4,PORT10,18.60180792,19.050864,5.1416,2.688657874036579,AIR   ,3
277,V444_4,PORT10,19.05539992,19.504456,5.1776,5.768024353163195,AIR   ,3
278,V444_4,PORT10,19.50899192,19.958047999999998,5.2136,6.847390832289811,AIR   ,3
279,V444_4,PORT10,19.96258392,20.41164,5.2496,2.926757311416427,AIR   ,3
280,V444_4,PORT10,20.41617592,20.865232,5.2856000000000005,5.006123790543044,AIR   ,3
281,V444_4,PORT10,20.869767919999997,21.318824,5.3216,3.085490269669659,AIR   ,3
282,V444_4,PORT10,21.323359919999998,21.772416,5.3576,5.164856748796275,AIR   ,3
283,V444_4,PORT10,21.77695192,22.226008,5.393599999999999,5.244223227922891,AIR   ,3
284,V444_4,PORT10,22.23054392,22.6796,5.429600000000001,3.323589707049507,AIR   ,3
285,V444_4,PORT10,22.68413592,23.133192,5.4668,6.405601735480344,AIR   ,3
286,V444_4,PORT10,23.13772792,23.586784,5.504,7.48761376391118,AIR   ,3
287,V444_4,PORT10,23.59131992,24.040376,5.5412,5.569625792342017,AIR   ,3
288,V444_4,PORT10,24.04491192,24.493968,5.5784,6.651637820772853,AIR   ,3
289,V444_4,PORT10,24.498503919999997,24.94756,5.615600000000001,7.733649849203689,AIR   ,3
290,V444_4,PORT10,24.952095919999998,25.401152,5.652800000000001,5.815661877634526,AIR   ,3
291,V444_4,PORT10,25.40568792,25.854744,5.6899999999999995,4.897673906065362,AIR   ,3
292,V444_4,PORT10,25.85927992,26.308336,5.7272,6.9796859344961995,AIR   ,3
293,V444_4,PORT10,26.31287192,26.761928,5.7644,6.061697962927037,AIR   ,3
294,V444_4,PORT10,26.76646392,27.215519999999998,5.8016000000000005,6.143709991357872,AIR   ,3
295,V444_4,PORT10,27.22005592,27.669112,5.838800000000001,7.22572201978871,AIR   ,3
296,V444_4,PORT10,27.67364792,28.122704,5.876,3.3077340482195448,AIR   ,3
297,V444_4,PORT10,28.127239919999997,28.576296,5.913200000000001,9.389746076650383,AIR   ,3
298,V444_4,PORT10,28.580831919999998,29.029888,5.9504,5.471758105081218,AIR   ,3
299,V444_4,PORT10,29.034423920000002,29.48348,5.9876000000000005,6.553770133512057,AIR   ,3
300,V444_4,PORT10,29.488015920000002,29.937072,7.024800000000001,4.635782161942892,AIR   ,3
301,V444_4,PORT10,29.941607920000003,30.390664,7.062,5.717794190373729,AIR   ,3
302,V444_4,PORT10,30.395199920000003,30.844256,7.0992,6.799806218804565,AIR   ,3
303,V444_4,PORT10,30.848791920000004,31.297848,7.1364,7.881818247235402,AIR   ,3
304,V444_4,PORT10,31.30238392,31.75144,7.1736,8.963830275666238,AIR   ,3
305,V444_4,PORT10,31.75597592,32.205032,7.2064,9.036141956648265,AIR   ,3
306,V444_4,PORT10,32.209567920000005,32.658624,7.2392,8.108453637630294,AIR   ,3
307,V444_4,PORT10,32.663159920000005,33.112216,7.272,7.1807653186123215,AIR   ,3
308,V444_4,PORT10,33.11675192,33.565808,7.3048,7.253076999594349,AIR   ,3
309,V444_4,PORT10,33.57034392,34.0194,7.3376,8.325388680576378,AIR   ,3
310,V444_4,PORT10,34.02393592,34.472992,7.3704,6.397700361558406,AIR   ,3
311,V444_4,PORT10,34.47752792,34.926584,7.4032,4.470012042540434,AIR   ,3
312,V444_4,PORT10,34.93111992,35.380176,7.436,8.542323723522461,AIR   ,3
313,V444_4,PORT10,35.38471192,35.833768,7.4688,5.614635404504489,AIR   ,3
314,V444_4,PORT10,35.83830392,36.28736,7.5016,6.6869470854865165,AIR   ,3
315,V444_4,PORT10,36.29189592,36.740952,7.534400000000001,5.7592587664685455,AIR   ,3
316,V444_4,PORT10,36.74548792,37.194544,7.5672,10.831570447450574,AIR   ,3
317,V444_4,PORT10,37.19907992,37.648136,7.6,4.9038821284326,AIR   ,3
318,V444_4,PORT10,37.65267192,38.101728,7.6328000000000005,10.976193809414628,AIR   ,3
319,V444_4,PORT10,38.10626392,38.55532,7.6655999999999995,11.048505490396655,AIR   ,3
320,V444_4,PORT10,38.559855920000004,39.008912,7.6984,5.120817171378684,AIR   ,3
321,V444_4,PORT10,39.013447920000004,39.462504,7.731199999999999,5.1931288523607115,AIR   ,3
322,V444_4,PORT10,39.467039920000005,39.916095999999996,7.764,9.26544053334274,AIR   ,3
323,V444_4,PORT10,39.920631920000005,40.369688,7.7968,4.337752214324768,AIR   ,3
324,V444_4,PORT10,40.37422392,40.82328,7.829600000000001,5.410063895306797,AIR   ,3
325,V444_4,PORT10,40.82781592,41.276872,7.8624,10.482375576288824,AIR   ,3
326,V444_4,PORT10,41.28140792,41.730464,7.895200000000001,12.554687257270851,AIR   ,3
327,V444_4,PORT10,41.73499992,42.184056,7.928,12.62699893825288,AIR   ,3
328,V444_4,PORT10,42.18859192,42.637648,7.960800000000001,6.6993106192349074,AIR   ,3
329,V444_4,PORT10,42.64218392,43.09124,7.993600000000001,8.771622300216935,AIR   ,3
330,V444_4,PORT10,43.09577592,43.544832,9.0264,4.843933981198964,AIR   ,3
331,V444_4,PORT10,43.54936792,43.998424,9.0592,5.916245662180991,AIR   ,3
332,V444_4,PORT10,44.00295992,44.452016,9.092,10.98855734316302,AIR   ,3
333,V444_4,PORT10,44.45655192,44.905608,9.1248,11.060869024145047,AIR   ,3
334,V444_4,PORT10,44.91014392,45.3592,9.1576,12.133180705127076,AIR   ,3
335,V444_4,PORT10,45.36373592,45.812792,9.198,11.222247531702498,AIR   ,3
336,V444_4,PORT10,45.817327920000004,46.266384,9.2384,8.311314358277924,AIR   ,3
337,V444_4,PORT10,46.270919920000004,46.719976,9.2788,12.40038118485335,AIR   ,3
338,V444_4,PORT10,46.724511920000005,47.173568,9.3192,11.489448011428772,AIR   ,3
339,V444_4,PORT10,47.178103920000005,47.627159999999996,9.3596,12.578514838004198,AIR   ,3
340,V444_4,PORT10,47.63169592,48.080752,9.4,9.667581664579622,AIR   ,3
341,V444_4,PORT10,48.08528792,48.534344,9.4404,13.756648491155048,AIR   ,3
342,V444_4,PORT10,48.53887992,48.987936,9.4808,5.845715317730473,AIR   ,3
343,V444_4,PORT10,48.99247192,49.441528,9.5212,5.9347821443058955,AIR   ,3
344,V444_4,PORT10,49.44606392,49.89512,9.5616,15.023848970881321,AIR   ,3
345,V444_4,PORT10,49.89965592,50.348712,9.602,13.112915797456747,AIR   ,3
346,V444_4,PORT10,50.35324792,50.802304,9.6424,14.20198262403217,AIR   ,3
347,V444_4,PORT10,50.80683992,51.255896,9.6828,13.291049450607595,AIR   ,3
348,V444_4,PORT10,51.26043192,51.709488,9.7232,8.380116277183019,AIR   ,3
349,V444_4,PORT10,51.71402392,52.16308,9.7636,13.469183103758445,AIR   ,3
350,V444_4,PORT10,52.16761592,52.616672,9.804,8.558249930333869,AIR   ,3
351,V444_4,PORT10,52.62120792,53.070264,9.8444,15.647316756909294,AIR   ,3
352,V444_4,PORT10,53.074799920000004,53.523856,9.8848,14.736383583484717,AIR   ,3
353,V444_4,PORT10,53.528391920000004,53.977448,9.9252,8.825450410060144,AIR   ,3
354,V444_4,PORT10,53.981983920000005,54.431039999999996,9.9656,7.914517236635566,AIR   ,3
355,V444_4,PORT10,54.435575920000005,54.884631999999996,11.006,7.003584063210992,AIR   ,3
356,V444_4,PORT10,54.88916792,55.338224,11.0464,11.092650889786416,AIR   ,3
357,V444_4,PORT10,55.34275992,55.791816,11.0868,8.18171771636184,AIR   ,3
358,V444_4,PORT10,55.79635192,56.245408,11.1272,9.270784542937266,AIR   ,3
359,V444_4,PORT10,56.24994392,56.699,11.1676,14.35985136951269,AIR   ,3
360,V444_4,PORT10,56.70353592,57.152592,11.208000000000002,16.448918196088115,AIR   ,3
361,V444_4,PORT10,57.15712792,57.606184,11.2484,12.537985022663541,AIR   ,3
362,V444_4,PORT10,57.61071992,58.059776,11.2888,13.627051849238962,AIR   ,3
363,V444_4,PORT10,58.064311919999994,58.513368,11.3292,15.71611867581439,AIR   ,3
364,V444_4,PORT10,58.517903919999995,58.96696,11.3696,10.805185502389813,AIR   ,3
365,V444_4,PORT10,58.971495919999995,59.420552,11.41,7.894252328965237,AIR   ,3
366,V444_4,PORT10,59.425087919999996,59.874144,11.450400000000002,16.983319155540663,AIR   ,3
367,V444_4,PORT10,59.878679919999996,60.327736,11.4908,8.072385982116087,AIR   ,3
368,V444_4,PORT10,60.33227192,60.781328,11.5312,16.16145280869151,AIR   ,3
369,V444_4,PORT10,60.78586392,61.23492,11.5716,8.250519635266937,AIR   ,3
370,V444_4,PORT10,61.23945592,61.688512,11.612,17.339586461842362,AIR   ,3
371,V444_4,PORT10,61.69304792,62.142103999999996,11.6524,14.428653288417786,AIR   ,3
372,V444_4,PORT10,62.14663992,62.595696,11.6928,17.51772011499321,AIR   ,3
373,V444_4,PORT10,62.60023191999999,63.049288,11.7332,13.606786941568634,AIR   ,3
374,V444_4,PORT10,63.05382391999999,63.50288,11.7736,18.695853768144058,AIR   ,3
375,V444_4,PORT10,63.50741591999999,63.956472,11.814,6.784920594719484,AIR   ,3
376,V444_4,PORT10,63.96100791999999,64.410064,11.854400000000002,11.87398742129491,AIR   ,3
377,V444_4,PORT10,64.41459992,64.863656,11.8948,18.963054247870332,AIR   ,3
378,V444_4,PORT10,64.86819192,65.317248,11.9352,18.052121074445758,AIR   ,3
379,V444_4,PORT10,65.32178392,65.77083999999999,11.9756,11.141187901021183,AIR   ,3
380,V444_4,PORT10,65.77537592,66.224432,13.016,13.230254727596607,AIR   ,3
381,V444_4,PORT10,66.22896791999999,66.678024,13.0564,11.319321554172031,AIR   ,3
382,V444_4,PORT10,66.68255991999999,67.131616,13.096800000000002,10.408388380747459,AIR   ,3
383,V444_4,PORT10,67.13615191999999,67.585208,13.1372,17.49745520732288,AIR   ,3
384,V444_4,PORT10,67.58974391999999,68.0388,13.1776,11.586522033898305,AIR   ,3
385,V444_4,PORT10,68.04333591999999,45359.19546408,13.2484,0.11803052611157165,AIR   ,3
386,V444_5,PORT06,2000.0,99999.99,13.667200000000001,0.0868,AIR   ,2
387,V444_5,PORT06,0.0,99.99,13.667200000000001,0.0868,AIR   ,2
388,V444_5,PORT06,100.0,249.99,13.667200000000001,0.0868,AIR   ,2
389,V444_5,PORT06,250.0,499.99,13.667200000000001,0.0868,AIR   ,2
390,V444_5,PORT06,500.0,1999.99,13.667200000000001,0.0868,AIR   ,2
391,V444_5,PORT06,0.0,99.99,5.4272,0.07400000000000001,AIR   ,2
392,V444_5,PORT06,500.0,1999.99,5.4272,0.07400000000000001,AIR   ,2
393,V444_5,PORT06,2000.0,99999.99,5.4272,0.07400000000000001,AIR   ,2
394,V444_5,PORT06,250.0,499.99,5.4272,0.07400000000000001,AIR   ,2
395,V444_5,PORT06,100.0,249.99,5.4272,0.07400000000000001,AIR   ,2
396,V444_1,PORT06,0.001,0.5,1.3352,0.33520000000000005,AIR   ,2
397,V444_1,PORT06,0.010000000000000009,0.5,1.43,0.43,AIR   ,2
398,V444_1,PORT06,0.51,1.0,1.43,0.43,AIR   ,2
399,V444_1,PORT06,1.01,1.5,1.5219999999999998,0.5219999999999999,AIR   ,2
400,V444_1,PORT06,1.51,2.0,1.6139999999999999,0.614,AIR   ,2
401,V444_1,PORT06,2.01,2.5,1.7064,0.7064,AIR   ,2
402,V444_1,PORT06,0.010000000000000009,0.5,1.4811999999999999,0.48119999999999996,AIR   ,2
403,V444_1,PORT06,0.51,1.0,1.4811999999999999,0.48119999999999996,AIR   ,2
404,V444_1,PORT06,1.01,1.5,1.4811999999999999,0.48119999999999996,AIR   ,2
405,V444_1,PORT06,1.51,2.0,1.4811999999999999,0.48119999999999996,AIR   ,2
406,V444_1,PORT06,2.01,2.5,1.4811999999999999,0.48119999999999996,AIR   ,2
407,V444_1,PORT06,2.51,3.0,1.4811999999999999,0.48119999999999996,AIR   ,2
408,V444_1,PORT06,3.01,3.5,1.5064,0.5064,AIR   ,2
409,V444_1,PORT06,3.51,4.0,1.5492,0.5492,AIR   ,2
410,V444_1,PORT06,4.01,4.5,1.592,0.592,AIR   ,2
411,V444_1,PORT06,4.51,5.0,1.6347999999999998,0.6347999999999999,AIR   ,2
412,V444_1,PORT06,5.01,5.5,1.6776,0.6776000000000001,AIR   ,2
413,V444_1,PORT06,5.51,6.0,1.7204,0.7203999999999999,AIR   ,2
414,V444_1,PORT06,6.01,6.5,1.7631999999999999,0.7631999999999999,AIR   ,2
415,V444_1,PORT06,6.51,7.0,1.806,0.8059999999999999,AIR   ,2
416,V444_1,PORT06,7.01,7.5,1.8488,0.8488,AIR   ,2
417,V444_1,PORT06,7.51,8.0,1.8916,0.8916,AIR   ,2
418,V444_1,PORT06,8.01,8.5,1.9344000000000001,0.9344,AIR   ,2
419,V444_1,PORT06,8.51,9.0,1.9771999999999998,0.9772,AIR   ,2
420,V444_1,PORT06,9.01,9.5,3.02,1.02,AIR   ,2
421,V444_1,PORT06,9.51,10.0,3.0628,1.0628,AIR   ,2
422,V444_1,PORT06,10.01,10.5,3.1028000000000002,1.1028,AIR   ,2
423,V444_1,PORT06,10.51,11.0,3.1428000000000003,1.1428,AIR   ,2
424,V444_1,PORT06,11.01,11.5,3.1828000000000003,1.1828,AIR   ,2
425,V444_1,PORT06,11.51,12.0,3.2228000000000003,1.2228,AIR   ,2
426,V444_1,PORT06,12.01,12.5,3.2628,1.2628,AIR   ,2
427,V444_1,PORT06,12.51,13.0,3.3028,1.3028,AIR   ,2
428,V444_1,PORT06,13.01,13.5,3.3428,1.3428,AIR   ,2
429,V444_1,PORT06,13.51,14.0,3.3828,1.3828,AIR   ,2
430,V444_1,PORT06,14.01,14.5,3.4228,1.4228,AIR   ,2
431,V444_1,PORT06,14.51,15.0,3.4628,1.4628,AIR   ,2
432,V444_1,PORT06,15.01,15.5,3.5027999999999997,1.5028,AIR   ,2
433,V444_1,PORT06,15.51,16.0,3.5427999999999997,1.5428,AIR   ,2
434,V444_1,PORT06,16.01,16.5,3.5519999999999996,1.5519999999999998,AIR   ,2
435,V444_1,PORT06,16.51,17.0,3.5519999999999996,1.5519999999999998,AIR   ,2
436,V444_1,PORT06,17.01,17.5,3.5519999999999996,1.5519999999999998,AIR   ,2
437,V444_1,PORT06,17.51,18.0,3.5519999999999996,1.5519999999999998,AIR   ,2
438,V444_1,PORT06,18.01,18.5,3.5519999999999996,1.5519999999999998,AIR   ,2
439,V444_1,PORT06,18.51,19.0,3.5519999999999996,1.5519999999999998,AIR   ,2
440,V444_1,PORT06,19.01,19.5,3.5519999999999996,1.5519999999999998,AIR   ,2
441,V444_1,PORT06,19.51,20.0,3.5519999999999996,1.5519999999999998,AIR   ,2
442,V444_1,PORT06,20.01,20.5,3.5519999999999996,1.5519999999999998,AIR   ,2
443,V444_1,PORT06,20.51,21.0,3.5519999999999996,1.5519999999999998,AIR   ,2
444,V444_1,PORT06,21.01,21.5,3.6247999999999996,1.6247999999999998,AIR   ,2
445,V444_1,PORT06,21.51,22.0,3.6247999999999996,1.6247999999999998,AIR   ,2
446,V444_1,PORT06,22.01,22.5,3.6972,1.6972,AIR   ,2
447,V444_1,PORT06,22.51,23.0,3.6972,1.6972,AIR   ,2
448,V444_1,PORT06,23.01,23.5,3.77,1.77,AIR   ,2
449,V444_1,PORT06,23.51,24.0,3.77,1.77,AIR   ,2
450,V444_1,PORT06,24.01,24.5,3.8419999999999996,1.8419999999999999,AIR   ,2
451,V444_1,PORT06,24.51,25.0,3.8419999999999996,1.8419999999999999,AIR   ,2
452,V444_1,PORT06,25.01,25.5,3.9143999999999997,1.9143999999999999,AIR   ,2
453,V444_1,PORT06,25.51,26.0,3.9143999999999997,1.9143999999999999,AIR   ,2
454,V444_1,PORT06,26.01,26.5,3.9872,1.9872,AIR   ,2
455,V444_1,PORT06,26.51,27.0,3.9872,1.9872,AIR   ,2
456,V444_1,PORT06,27.01,27.5,5.0596,2.0596,AIR   ,2
457,V444_1,PORT06,27.51,28.0,5.0596,1.0596,AIR   ,2
458,V444_1,PORT06,28.01,28.5,5.1324000000000005,1.1324,AIR   ,2
459,V444_1,PORT06,28.51,29.0,5.1324000000000005,1.1324,AIR   ,2
460,V444_1,PORT06,29.01,29.5,5.2044,1.2044000000000001,AIR   ,2
461,V444_1,PORT06,29.51,30.0,5.2044,1.2044000000000001,AIR   ,2
462,V444_1,PORT06,30.01,30.5,5.277200000000001,2.2772,AIR   ,2
463,V444_1,PORT06,30.51,31.0,5.277200000000001,1.2772000000000001,AIR   ,2
464,V444_1,PORT06,31.01,31.5,5.349600000000001,3.3496,AIR   ,2
465,V444_1,PORT06,31.51,32.0,5.349600000000001,3.3496,AIR   ,2
466,V444_1,PORT06,32.01,32.5,5.4224,2.4224,AIR   ,2
467,V444_1,PORT06,32.51,33.0,5.4224,2.4224,AIR   ,2
468,V444_1,PORT06,33.01,33.5,5.4948,3.4947999999999997,AIR   ,2
469,V444_1,PORT06,33.51,34.0,5.4948,1.4947999999999997,AIR   ,2
470,V444_1,PORT06,34.01,34.5,5.5676000000000005,2.5676,AIR   ,2
471,V444_1,PORT06,34.51,35.0,5.5676000000000005,1.5676,AIR   ,2
472,V444_1,PORT06,35.01,35.5,5.6396,1.6396000000000002,AIR   ,2
473,V444_1,PORT06,35.51,36.0,5.6396,2.6396,AIR   ,2
474,V444_1,PORT06,36.01,36.5,5.712400000000001,3.7124,AIR   ,2
475,V444_1,PORT06,36.51,37.0,5.712400000000001,2.7124,AIR   ,2
476,V444_1,PORT06,37.01,37.5,5.784800000000001,1.7848000000000002,AIR   ,2
477,V444_1,PORT06,37.51,38.0,5.784800000000001,2.7848,AIR   ,2
478,V444_1,PORT06,38.01,38.5,5.857600000000001,2.8576000000000006,AIR   ,2
479,V444_1,PORT06,38.51,39.0,5.857600000000001,1.8576000000000006,AIR   ,2
480,V444_1,PORT06,39.01,39.5,5.93,3.93,AIR   ,2
481,V444_1,PORT06,39.51,40.0,5.93,1.9300000000000002,AIR   ,2
482,V444_1,PORT06,40.01,40.5,7.0024,2.0024,AIR   ,2
483,V444_1,PORT06,40.51,41.0,7.0024,4.0024,AIR   ,2
484,V444_1,PORT06,41.01,41.5,7.0748,3.0748,AIR   ,2
485,V444_1,PORT06,41.51,42.0,7.0748,4.0748,AIR   ,2
486,V444_1,PORT06,42.01,42.5,7.114800000000001,2.1148000000000002,AIR   ,2
487,V444_1,PORT06,42.51,43.0,7.114800000000001,4.114800000000001,AIR   ,2
488,V444_1,PORT06,43.01,43.5,7.114800000000001,3.1148000000000002,AIR   ,2
489,V444_1,PORT06,43.51,44.0,7.114800000000001,4.114800000000001,AIR   ,2
490,V444_1,PORT06,44.01,44.5,7.114800000000001,4.114800000000001,AIR   ,2
491,V444_1,PORT06,44.51,45.0,7.114800000000001,3.1148000000000002,AIR   ,2
492,V444_1,PORT06,45.01,45.5,7.1836,4.1836,AIR   ,2
493,V444_1,PORT06,45.51,46.0,7.1836,4.1836,AIR   ,2
494,V444_1,PORT06,46.01,46.5,7.2524,3.2524,AIR   ,2
495,V444_1,PORT06,46.51,47.0,7.2524,3.2524,AIR   ,2
496,V444_1,PORT06,47.01,47.5,7.3204,3.3204000000000002,AIR   ,2
497,V444_1,PORT06,47.51,48.0,7.3204,2.3204000000000002,AIR   ,2
498,V444_1,PORT06,48.01,48.5,7.388800000000001,4.388800000000001,AIR   ,2
499,V444_1,PORT06,48.51,49.0,7.388800000000001,3.3888000000000007,AIR   ,2
500,V444_1,PORT06,49.01,49.5,7.457600000000001,3.4576000000000007,AIR   ,2
501,V444_1,PORT06,49.51,50.0,7.457600000000001,2.4576000000000007,AIR   ,2
502,V444_1,PORT06,50.01,50.5,7.526,3.5260000000000002,AIR   ,2
503,V444_1,PORT06,50.51,51.0,7.526,2.5260000000000002,AIR   ,2
504,V444_1,PORT06,51.01,51.5,7.5948,3.5948,AIR   ,2
505,V444_1,PORT06,51.51,52.0,7.5948,2.5948,AIR   ,2
506,V444_1,PORT06,52.01,52.5,7.663600000000001,2.6636,AIR   ,2
507,V444_1,PORT06,52.51,53.0,7.663600000000001,4.663600000000001,AIR   ,2
508,V444_1,PORT06,53.01,53.5,7.732000000000001,4.732000000000001,AIR   ,2
509,V444_1,PORT06,53.51,54.0,7.732000000000001,3.7320000000000007,AIR   ,2
510,V444_1,PORT06,54.01,54.5,7.8004,3.8004000000000002,AIR   ,2
511,V444_1,PORT06,54.51,55.0,7.8004,2.8004000000000002,AIR   ,2
512,V444_1,PORT06,55.01,55.5,7.8692,2.8692,AIR   ,2
513,V444_1,PORT06,55.51,56.0,7.8692,2.8692,AIR   ,2
514,V444_1,PORT06,56.01,56.5,7.937600000000001,2.9376000000000007,AIR   ,2
515,V444_1,PORT06,56.51,57.0,7.937600000000001,4.937600000000001,AIR   ,2
516,V444_1,PORT06,57.01,57.5,9.0064,5.0064,AIR   ,2
517,V444_1,PORT06,57.51,58.0,9.0064,6.0064,AIR   ,2
518,V444_1,PORT06,58.01,58.5,9.0744,6.074400000000001,AIR   ,2
519,V444_1,PORT06,58.51,59.0,9.0744,2.0744000000000007,AIR   ,2
520,V444_1,PORT06,59.01,59.5,9.1432,5.1432,AIR   ,2
521,V444_1,PORT06,59.51,60.0,9.1432,6.1432,AIR   ,2
522,V444_1,PORT06,60.01,60.5,9.212,3.2120000000000006,AIR   ,2
523,V444_1,PORT06,60.51,61.0,9.212,4.212000000000001,AIR   ,2
524,V444_1,PORT06,61.01,61.5,9.2808,4.2808,AIR   ,2
525,V444_1,PORT06,61.51,62.0,9.2808,6.2808,AIR   ,2
526,V444_1,PORT06,62.01,62.5,9.3492,6.3492,AIR   ,2
527,V444_1,PORT06,62.51,63.0,9.3492,3.3491999999999997,AIR   ,2
528,V444_1,PORT06,63.01,63.5,9.4176,6.4176,AIR   ,2
529,V444_1,PORT06,63.51,64.0,9.4176,6.4176,AIR   ,2
530,V444_1,PORT06,64.01,64.5,9.4864,6.486400000000001,AIR   ,2
531,V444_1,PORT06,64.51,65.0,9.4864,4.486400000000001,AIR   ,2
532,V444_1,PORT06,65.01,65.5,9.554400000000001,4.5544,AIR   ,2
533,V444_1,PORT06,65.51,66.0,9.554400000000001,3.5544000000000002,AIR   ,2
534,V444_1,PORT06,66.01,66.5,9.5884,5.5884,AIR   ,2
535,V444_1,PORT06,66.51,67.0,9.622399999999999,6.6224,AIR   ,2
536,V444_1,PORT06,67.01,67.5,9.656400000000001,5.6564000000000005,AIR   ,2
537,V444_1,PORT06,67.51,68.0,9.6904,4.6904,AIR   ,2
538,V444_1,PORT06,68.01,68.5,9.7276,4.727600000000001,AIR   ,2
539,V444_1,PORT06,68.51,69.0,9.7276,4.727600000000001,AIR   ,2
540,V444_1,PORT06,69.01,69.5,9.7276,5.727600000000001,AIR   ,2
541,V444_1,PORT06,69.51,70.0,9.7276,3.7276000000000007,AIR   ,2
542,V444_1,PORT06,70.01,70.5,9.7276,2.7276000000000007,AIR   ,2
543,V444_1,PORT06,70.51,99.99,9.7416,0.09359999999999999,AIR   ,2
544,V444_1,PORT06,100.0,299.99,13.3872,0.0908,AIR   ,2
545,V444_1,PORT06,300.0,499.99,35.6672,0.086,AIR   ,2
546,V444_1,PORT06,500.0,999.99,59.4272,0.086,AIR   ,2
547,V444_1,PORT06,1000.0,9999.99,117.8272,0.086,AIR   ,2
548,V444_4,PORT06,0.0,0.5,1.4356,0.43560000000000004,AIR   ,2
549,V444_4,PORT06,0.51,1.0,1.4768,0.4768,AIR   ,2
550,V444_4,PORT06,1.01,1.5,1.5148,0.5147999999999999,AIR   ,2
551,V444_4,PORT06,1.51,2.0,1.5516,0.5516,AIR   ,2
552,V444_4,PORT06,2.01,2.5,1.5859999999999999,0.586,AIR   ,2
553,V444_4,PORT06,2.51,3.0,1.6204,0.6204,AIR   ,2
554,V444_4,PORT06,3.01,3.5,1.654,0.654,AIR   ,2
555,V444_4,PORT06,3.51,4.0,1.6884000000000001,0.6884,AIR   ,2
556,V444_4,PORT06,4.01,4.5,1.7227999999999999,0.7228,AIR   ,2
557,V444_4,PORT06,4.51,5.0,1.7568,0.7567999999999999,AIR   ,2
558,V444_4,PORT06,5.01,5.5,1.7872,0.7872,AIR   ,2
559,V444_4,PORT06,5.51,6.0,1.8176,0.8176000000000001,AIR   ,2
560,V444_4,PORT06,6.01,6.5,1.8479999999999999,0.848,AIR   ,2
561,V444_4,PORT06,6.51,7.0,1.8784,0.8784000000000001,AIR   ,2
562,V444_4,PORT06,7.01,7.5,1.9087999999999998,0.9087999999999999,AIR   ,2
563,V444_4,PORT06,7.51,8.0,1.9392,0.9392,AIR   ,2
564,V444_4,PORT06,8.01,8.5,1.9695999999999998,0.9695999999999999,AIR   ,2
565,V444_4,PORT06,8.51,9.0,2.0,1.0,AIR   ,2
566,V444_4,PORT06,9.01,9.5,3.0304,1.0304,AIR   ,2
567,V444_4,PORT06,9.51,10.0,3.0608,1.0608,AIR   ,2
568,V444_4,PORT06,10.01,10.5,3.0904,1.0903999999999998,AIR   ,2
569,V444_4,PORT06,10.51,11.0,3.12,1.12,AIR   ,2
570,V444_4,PORT06,11.01,11.5,3.1496,1.1496,AIR   ,2
571,V444_4,PORT06,11.51,12.0,3.1792,1.1792,AIR   ,2
572,V444_4,PORT06,12.01,12.5,3.2088,1.2087999999999999,AIR   ,2
573,V444_4,PORT06,12.51,13.0,3.2384,1.2384,AIR   ,2
574,V444_4,PORT06,13.01,13.5,3.268,1.268,AIR   ,2
575,V444_4,PORT06,13.51,14.0,3.2976,1.2976,AIR   ,2
576,V444_4,PORT06,14.01,14.5,3.3272,1.3272,AIR   ,2
577,V444_4,PORT06,14.51,15.0,3.3568,1.3568,AIR   ,2
578,V444_4,PORT06,15.01,15.5,3.3868,1.3868,AIR   ,2
579,V444_4,PORT06,15.51,16.0,3.4168000000000003,1.4168,AIR   ,2
580,V444_4,PORT06,16.01,16.5,3.4468,1.4468,AIR   ,2
581,V444_4,PORT06,16.51,17.0,3.4768,1.4768000000000001,AIR   ,2
582,V444_4,PORT06,17.01,17.5,3.5068,1.5068000000000001,AIR   ,2
583,V444_4,PORT06,17.51,18.0,3.5368000000000004,1.5368000000000002,AIR   ,2
584,V444_4,PORT06,18.01,18.5,3.5667999999999997,1.5668,AIR   ,2
585,V444_4,PORT06,18.51,19.0,3.5968,1.5968,AIR   ,2
586,V444_4,PORT06,19.01,19.5,3.6268000000000002,1.6268,AIR   ,2
587,V444_4,PORT06,19.51,20.0,3.6568,1.6568,AIR   ,2
588,V444_4,PORT06,20.01,20.5,3.6868,1.6868,AIR   ,2
589,V444_4,PORT06,20.51,21.0,3.7168,1.7168,AIR   ,2
590,V444_4,PORT06,21.01,21.5,3.7468000000000004,1.7468000000000001,AIR   ,2
591,V444_4,PORT06,21.51,22.0,3.7768,1.7768000000000002,AIR   ,2
592,V444_4,PORT06,22.01,22.5,3.8068,1.8068,AIR   ,2
593,V444_4,PORT06,22.51,23.0,3.8368,1.8368,AIR   ,2
594,V444_4,PORT06,23.01,23.5,3.8668,1.8668,AIR   ,2
595,V444_4,PORT06,23.51,24.0,3.8968,1.8968,AIR   ,2
596,V444_4,PORT06,24.01,24.5,3.9268,1.9268,AIR   ,2
597,V444_4,PORT06,24.51,25.0,3.9568000000000003,1.9568,AIR   ,2
598,V444_4,PORT06,25.01,25.5,3.9868,1.9868000000000001,AIR   ,2
599,V444_4,PORT06,25.51,26.0,5.0168,3.0168,AIR   ,2
600,V444_4,PORT06,26.01,26.5,5.0468,1.0468000000000002,AIR   ,2
601,V444_4,PORT06,26.51,27.0,5.0768,2.0768,AIR   ,2
602,V444_4,PORT06,27.01,27.5,5.1068,1.1068000000000002,AIR   ,2
603,V444_4,PORT06,27.51,28.0,5.1368,2.1368,AIR   ,2
604,V444_4,PORT06,28.01,28.5,5.1668,1.1668000000000003,AIR   ,2
605,V444_4,PORT06,28.51,29.0,5.1968,3.1968,AIR   ,2
606,V444_4,PORT06,29.01,29.5,5.2268,1.2268,AIR   ,2
607,V444_4,PORT06,29.51,30.0,5.2568,3.2568,AIR   ,2
608,V444_4,PORT06,30.01,30.5,5.2867999999999995,1.2868,AIR   ,2
609,V444_4,PORT06,30.51,31.0,5.316800000000001,3.3168,AIR   ,2
610,V444_4,PORT06,31.01,31.5,5.3468,3.3468,AIR   ,2
611,V444_4,PORT06,31.51,32.0,5.3768,1.3768000000000002,AIR   ,2
612,V444_4,PORT06,32.01,32.5,5.4068000000000005,1.4068,AIR   ,2
613,V444_4,PORT06,32.51,33.0,5.4368,1.4367999999999999,AIR   ,2
614,V444_4,PORT06,33.01,33.5,5.4668,2.4668,AIR   ,2
615,V444_4,PORT06,33.51,34.0,5.4968,2.4968,AIR   ,2
616,V444_4,PORT06,34.01,34.5,5.5268,2.5268,AIR   ,2
617,V444_4,PORT06,34.51,35.0,5.5568,1.5568,AIR   ,2
618,V444_4,PORT06,35.01,35.5,5.5868,3.5868,AIR   ,2
619,V444_4,PORT06,35.51,36.0,5.6168,2.6168,AIR   ,2
620,V444_4,PORT06,36.01,36.5,5.646800000000001,1.6468000000000003,AIR   ,2
621,V444_4,PORT06,36.51,37.0,5.6768,2.6768,AIR   ,2
622,V444_4,PORT06,37.01,37.5,5.706799999999999,3.7068,AIR   ,2
623,V444_4,PORT06,37.51,38.0,5.736800000000001,2.7368,AIR   ,2
624,V444_4,PORT06,38.01,38.5,5.7668,2.7668,AIR   ,2
625,V444_4,PORT06,38.51,39.0,5.7968,3.7968,AIR   ,2
626,V444_4,PORT06,39.01,39.5,5.8268,2.8268,AIR   ,2
627,V444_4,PORT06,39.51,40.0,5.8568,2.8568000000000002,AIR   ,2
628,V444_4,PORT06,40.01,40.5,5.8868,3.8868,AIR   ,2
629,V444_4,PORT06,40.51,41.0,5.9168,2.9168000000000003,AIR   ,2
630,V444_4,PORT06,41.01,41.5,5.9468,1.9468,AIR   ,2
631,V444_4,PORT06,41.51,42.0,5.9768,1.9768,AIR   ,2
632,V444_4,PORT06,42.01,42.5,7.0068,3.0068,AIR   ,2
633,V444_4,PORT06,42.51,43.0,7.0367999999999995,2.0368,AIR   ,2
634,V444_4,PORT06,43.01,43.5,7.066800000000001,2.0668,AIR   ,2
635,V444_4,PORT06,43.51,44.0,7.0968,2.0968,AIR   ,2
636,V444_4,PORT06,44.01,44.5,7.1268,3.1268000000000002,AIR   ,2
637,V444_4,PORT06,44.51,45.0,7.1568000000000005,2.1568,AIR   ,2
638,V444_4,PORT06,45.01,45.5,7.1908,3.1908000000000003,AIR   ,2
639,V444_4,PORT06,45.51,46.0,7.2248,2.2248,AIR   ,2
640,V444_4,PORT06,46.01,46.5,7.258800000000001,3.2588000000000004,AIR   ,2
641,V444_4,PORT06,46.51,47.0,7.2928,2.2928,AIR   ,2
642,V444_4,PORT06,47.01,47.5,7.3268,2.3268,AIR   ,2
643,V444_4,PORT06,47.51,48.0,7.3608,2.3608000000000002,AIR   ,2
644,V444_4,PORT06,48.01,48.5,7.3948,3.3948,AIR   ,2
645,V444_4,PORT06,48.51,49.0,7.428800000000001,2.4288000000000007,AIR   ,2
646,V444_4,PORT06,49.01,49.5,7.4628,2.4628,AIR   ,2
647,V444_4,PORT06,49.51,50.0,7.4968,4.4968,AIR   ,2
648,V444_4,PORT06,50.01,50.5,7.530800000000001,3.5308000000000006,AIR   ,2
649,V444_4,PORT06,50.51,51.0,7.5648,2.5648,AIR   ,2
650,V444_4,PORT06,51.01,51.5,7.598800000000001,4.598800000000001,AIR   ,2
651,V444_4,PORT06,51.51,52.0,7.6328000000000005,4.6328000000000005,AIR   ,2
652,V444_4,PORT06,52.01,52.5,7.6668,2.6668000000000003,AIR   ,2
653,V444_4,PORT06,52.51,53.0,7.700800000000001,4.700800000000001,AIR   ,2
654,V444_4,PORT06,53.01,53.5,7.7348,2.7348000000000003,AIR   ,2
655,V444_4,PORT06,53.51,54.0,7.768800000000001,3.7688000000000006,AIR   ,2
656,V444_4,PORT06,54.01,54.5,7.8028,2.8028000000000004,AIR   ,2
657,V444_4,PORT06,54.51,55.0,7.8368,4.8368,AIR   ,2
658,V444_4,PORT06,55.01,55.5,7.870800000000001,2.8708000000000005,AIR   ,2
659,V444_4,PORT06,55.51,56.0,7.9048,3.9048000000000003,AIR   ,2
660,V444_4,PORT06,56.01,56.5,7.9388000000000005,2.9388000000000005,AIR   ,2
661,V444_4,PORT06,56.51,57.0,7.9728,3.9728000000000003,AIR   ,2
662,V444_4,PORT06,57.01,57.5,9.0068,6.0068,AIR   ,2
663,V444_4,PORT06,57.51,58.0,9.0408,4.040800000000001,AIR   ,2
664,V444_4,PORT06,58.01,58.5,9.0748,5.0748,AIR   ,2
665,V444_4,PORT06,58.51,59.0,9.1088,5.1088000000000005,AIR   ,2
666,V444_4,PORT06,59.01,59.5,9.142800000000001,3.1428000000000003,AIR   ,2
667,V444_4,PORT06,59.51,60.0,9.1768,6.1768,AIR   ,2
668,V444_4,PORT06,60.01,60.5,9.2108,3.2108000000000008,AIR   ,2
669,V444_4,PORT06,60.51,61.0,9.244800000000001,5.244800000000001,AIR   ,2
670,V444_4,PORT06,61.01,61.5,9.2788,6.2788,AIR   ,2
671,V444_4,PORT06,61.51,62.0,9.3128,2.3128,AIR   ,2
672,V444_4,PORT06,62.01,62.5,9.3468,3.3468,AIR   ,2
673,V444_4,PORT06,62.51,63.0,9.3808,2.3808000000000007,AIR   ,2
674,V444_4,PORT06,63.01,63.5,9.4148,2.4148000000000005,AIR   ,2
675,V444_4,PORT06,63.51,64.0,9.4488,6.4488,AIR   ,2
676,V444_4,PORT06,64.01,64.5,9.482800000000001,6.4828,AIR   ,2
677,V444_4,PORT06,64.51,65.0,9.5168,4.5168,AIR   ,2
678,V444_4,PORT06,65.01,65.5,9.5508,6.550800000000001,AIR   ,2
679,V444_4,PORT06,65.51,66.0,9.584800000000001,4.5848,AIR   ,2
680,V444_4,PORT06,66.01,66.5,9.6188,4.6188,AIR   ,2
681,V444_4,PORT06,66.51,67.0,9.6528,6.6528,AIR   ,2
682,V444_4,PORT06,67.01,67.5,9.6868,5.6868,AIR   ,2
683,V444_4,PORT06,67.51,68.0,9.7208,4.7208000000000006,AIR   ,2
684,V444_4,PORT06,68.01,68.5,9.7548,6.7548,AIR   ,2
685,V444_4,PORT06,68.51,69.0,9.7888,5.7888,AIR   ,2
686,V444_4,PORT06,69.01,69.5,9.8228,4.8228,AIR   ,2
687,V444_4,PORT06,69.51,70.0,9.8568,2.8568,AIR   ,2
688,V444_4,PORT06,70.01,70.5,9.8908,2.8908000000000005,AIR   ,2
689,V444_4,PORT06,70.51,71.0,9.924800000000001,4.9248,AIR   ,2
690,V444_4,PORT06,71.01,71.5,9.9588,6.9588,AIR   ,2
691,V444_4,PORT06,71.51,72.0,9.992799999999999,6.9928,AIR   ,2
692,V444_4,PORT06,72.01,72.5,11.0268,4.0268,AIR   ,2
693,V444_4,PORT06,72.51,73.0,11.0608,4.0608,AIR   ,2
694,V444_4,PORT06,73.01,73.5,11.0948,5.0948,AIR   ,2
695,V444_4,PORT06,73.51,74.0,11.1288,7.1288,AIR   ,2
696,V444_4,PORT06,74.01,74.5,11.1628,6.1628,AIR   ,2
697,V444_4,PORT06,74.51,75.0,11.1968,5.1968000000000005,AIR   ,2
698,V444_4,PORT06,75.01,99999.99,11.2216,0.096,AIR   ,2
699,V444_4,PORT06,0.0,0.5,1.4356,0.43560000000000004,AIR   ,2
700,V444_4,PORT06,0.51,1.0,1.4768,0.4768,AIR   ,2
701,V444_4,PORT06,1.01,1.5,1.5148,0.5147999999999999,AIR   ,2
702,V444_4,PORT06,1.51,2.0,1.5516,0.5516,AIR   ,2
703,V444_4,PORT06,2.01,2.5,1.5859999999999999,0.586,AIR   ,2
704,V444_4,PORT06,2.51,3.0,1.6204,0.6204,AIR   ,2
705,V444_4,PORT06,3.01,3.5,1.654,0.654,AIR   ,2
706,V444_4,PORT06,3.51,4.0,1.6884000000000001,0.6884,AIR   ,2
707,V444_4,PORT06,4.01,4.5,1.7227999999999999,0.7228,AIR   ,2
708,V444_4,PORT06,4.51,5.0,1.7568,0.7567999999999999,AIR   ,2
709,V444_4,PORT06,5.01,5.5,1.7872,0.7872,AIR   ,2
710,V444_4,PORT06,5.51,6.0,1.8176,0.8176000000000001,AIR   ,2
711,V444_4,PORT06,6.01,6.5,1.8479999999999999,0.848,AIR   ,2
712,V444_4,PORT06,6.51,7.0,1.8784,0.8784000000000001,AIR   ,2
713,V444_4,PORT06,7.01,7.5,1.9087999999999998,0.9087999999999999,AIR   ,2
714,V444_4,PORT06,7.51,8.0,1.9392,0.9392,AIR   ,2
715,V444_4,PORT06,8.01,8.5,1.9695999999999998,0.9695999999999999,AIR   ,2
716,V444_4,PORT06,8.51,9.0,2.0,1.0,AIR   ,2
717,V444_4,PORT06,9.01,9.5,3.0304,1.0304,AIR   ,2
718,V444_4,PORT06,9.51,10.0,3.0608,1.0608,AIR   ,2
719,V444_4,PORT06,10.01,10.5,3.0904,1.0903999999999998,AIR   ,2
720,V444_4,PORT06,10.51,11.0,3.12,1.12,AIR   ,2
721,V444_4,PORT06,11.01,11.5,3.1496,1.1496,AIR   ,2
722,V444_4,PORT06,11.51,12.0,3.1792,1.1792,AIR   ,2
723,V444_4,PORT06,12.01,12.5,3.2088,1.2087999999999999,AIR   ,2
724,V444_4,PORT06,12.51,13.0,3.2384,1.2384,AIR   ,2
725,V444_4,PORT06,13.01,13.5,3.268,1.268,AIR   ,2
726,V444_4,PORT06,13.51,14.0,3.2976,1.2976,AIR   ,2
727,V444_4,PORT06,14.01,14.5,3.3272,1.3272,AIR   ,2
728,V444_4,PORT06,14.51,15.0,3.3568,1.3568,AIR   ,2
729,V444_4,PORT06,15.01,15.5,3.3868,1.3868,AIR   ,2
730,V444_4,PORT06,15.51,16.0,3.4168000000000003,1.4168,AIR   ,2
731,V444_4,PORT06,16.01,16.5,3.4468,1.4468,AIR   ,2
732,V444_4,PORT06,16.51,17.0,3.4768,1.4768000000000001,AIR   ,2
733,V444_4,PORT06,17.01,17.5,3.5068,1.5068000000000001,AIR   ,2
734,V444_4,PORT06,17.51,18.0,3.5368000000000004,1.5368000000000002,AIR   ,2
735,V444_4,PORT06,18.01,18.5,3.5667999999999997,1.5668,AIR   ,2
736,V444_4,PORT06,18.51,19.0,3.5968,1.5968,AIR   ,2
737,V444_4,PORT06,19.01,19.5,3.6268000000000002,1.6268,AIR   ,2
738,V444_4,PORT06,19.51,20.0,3.6568,1.6568,AIR   ,2
739,V444_4,PORT06,20.01,20.5,3.6868,1.6868,AIR   ,2
740,V444_4,PORT06,20.51,21.0,3.7168,1.7168,AIR   ,2
741,V444_4,PORT06,21.01,21.5,3.7468000000000004,1.7468000000000001,AIR   ,2
742,V444_4,PORT06,21.51,22.0,3.7768,1.7768000000000002,AIR   ,2
743,V444_4,PORT06,22.01,22.5,3.8068,1.8068,AIR   ,2
744,V444_4,PORT06,22.51,23.0,3.8368,1.8368,AIR   ,2
745,V444_4,PORT06,23.01,23.5,3.8668,1.8668,AIR   ,2
746,V444_4,PORT06,23.51,24.0,3.8968,1.8968,AIR   ,2
747,V444_4,PORT06,24.01,24.5,3.9268,1.9268,AIR   ,2
748,V444_4,PORT06,24.51,25.0,3.9568000000000003,1.9568,AIR   ,2
749,V444_4,PORT06,25.01,25.5,3.9868,1.9868000000000001,AIR   ,2
750,V444_4,PORT06,25.51,26.0,5.0168,2.0168,AIR   ,2
751,V444_4,PORT06,26.01,26.5,5.0468,1.0468000000000002,AIR   ,2
752,V444_4,PORT06,26.51,27.0,5.0768,1.0768,AIR   ,2
753,V444_4,PORT06,27.01,27.5,5.1068,1.1068000000000002,AIR   ,2
754,V444_4,PORT06,27.51,28.0,5.1368,3.1368,AIR   ,2
755,V444_4,PORT06,28.01,28.5,5.1668,2.1668000000000003,AIR   ,2
756,V444_4,PORT06,28.51,29.0,5.1968,2.1968,AIR   ,2
757,V444_4,PORT06,29.01,29.5,5.2268,1.2268,AIR   ,2
758,V444_4,PORT06,29.51,30.0,5.2568,1.2568000000000001,AIR   ,2
759,V444_4,PORT06,30.01,30.5,5.2867999999999995,2.2868,AIR   ,2
760,V444_4,PORT06,30.51,31.0,5.316800000000001,3.3168,AIR   ,2
761,V444_4,PORT06,31.01,31.5,5.3468,3.3468,AIR   ,2
762,V444_4,PORT06,31.51,32.0,5.3768,3.3768000000000002,AIR   ,2
763,V444_4,PORT06,32.01,32.5,5.4068000000000005,3.4068,AIR   ,2
764,V444_4,PORT06,32.51,33.0,5.4368,2.4368,AIR   ,2
765,V444_4,PORT06,33.01,33.5,5.4668,1.4668,AIR   ,2
766,V444_4,PORT06,33.51,34.0,5.4968,1.4968,AIR   ,2
767,V444_4,PORT06,34.01,34.5,5.5268,2.5268,AIR   ,2
768,V444_4,PORT06,34.51,35.0,5.5568,2.5568,AIR   ,2
769,V444_4,PORT06,35.01,35.5,5.5868,3.5868,AIR   ,2
770,V444_4,PORT06,35.51,36.0,5.6168,1.6168,AIR   ,2
771,V444_4,PORT06,36.01,36.5,5.646800000000001,3.6468000000000003,AIR   ,2
772,V444_4,PORT06,36.51,37.0,5.6768,2.6768,AIR   ,2
773,V444_4,PORT06,37.01,37.5,5.706799999999999,3.7068,AIR   ,2
774,V444_4,PORT06,37.51,38.0,5.736800000000001,2.7368,AIR   ,2
775,V444_4,PORT06,38.01,38.5,5.7668,2.7668,AIR   ,2
776,V444_4,PORT06,38.51,39.0,5.7968,1.7968000000000002,AIR   ,2
777,V444_4,PORT06,39.01,39.5,5.8268,2.8268,AIR   ,2
778,V444_4,PORT06,39.51,40.0,5.8568,1.8568000000000002,AIR   ,2
779,V444_4,PORT06,40.01,40.5,5.8868,1.8868,AIR   ,2
780,V444_4,PORT06,40.51,41.0,5.9168,3.9168000000000003,AIR   ,2
781,V444_4,PORT06,41.01,41.5,5.9468,2.9468,AIR   ,2
782,V444_4,PORT06,41.51,42.0,5.9768,1.9768,AIR   ,2
783,V444_4,PORT06,42.01,42.5,7.0068,4.0068,AIR   ,2
784,V444_4,PORT06,42.51,43.0,7.0367999999999995,3.0368,AIR   ,2
785,V444_4,PORT06,43.01,43.5,7.066800000000001,2.0668,AIR   ,2
786,V444_4,PORT06,43.51,44.0,7.0968,2.0968,AIR   ,2
787,V444_4,PORT06,44.01,44.5,7.1268,2.1268000000000002,AIR   ,2
788,V444_4,PORT06,44.51,45.0,7.1568000000000005,4.1568000000000005,AIR   ,2
789,V444_4,PORT06,45.01,45.5,7.1908,2.1908000000000003,AIR   ,2
790,V444_4,PORT06,45.51,46.0,7.2248,4.2248,AIR   ,2
791,V444_4,PORT06,46.01,46.5,7.258800000000001,3.2588000000000004,AIR   ,2
792,V444_4,PORT06,46.51,47.0,7.2928,3.2928,AIR   ,2
793,V444_4,PORT06,47.01,47.5,7.3268,3.3268,AIR   ,2
794,V444_4,PORT06,47.51,48.0,7.3608,3.3608000000000002,AIR   ,2
795,V444_4,PORT06,48.01,48.5,7.3948,4.3948,AIR   ,2
796,V444_4,PORT06,48.51,49.0,7.428800000000001,2.4288000000000007,AIR   ,2
797,V444_4,PORT06,49.01,49.5,7.4628,2.4628,AIR   ,2
798,V444_4,PORT06,49.51,50.0,7.4968,4.4968,AIR   ,2
799,V444_4,PORT06,50.01,50.5,7.530800000000001,4.530800000000001,AIR   ,2
800,V444_4,PORT06,50.51,51.0,7.5648,4.5648,AIR   ,2
801,V444_4,PORT06,51.01,51.5,7.598800000000001,3.5988000000000007,AIR   ,2
802,V444_4,PORT06,51.51,52.0,7.6328000000000005,2.6328000000000005,AIR   ,2
803,V444_4,PORT06,52.01,52.5,7.6668,3.6668000000000003,AIR   ,2
804,V444_4,PORT06,52.51,53.0,7.700800000000001,4.700800000000001,AIR   ,2
805,V444_4,PORT06,53.01,53.5,7.7348,2.7348000000000003,AIR   ,2
806,V444_4,PORT06,53.51,54.0,7.768800000000001,2.7688000000000006,AIR   ,2
807,V444_4,PORT06,54.01,54.5,7.8028,4.8028,AIR   ,2
808,V444_4,PORT06,54.51,55.0,7.8368,4.8368,AIR   ,2
809,V444_4,PORT06,55.01,55.5,7.870800000000001,4.870800000000001,AIR   ,2
810,V444_4,PORT06,55.51,56.0,7.9048,4.9048,AIR   ,2
811,V444_4,PORT06,56.01,56.5,7.9388000000000005,2.9388000000000005,AIR   ,2
812,V444_4,PORT06,56.51,57.0,7.9728,2.9728000000000003,AIR   ,2
813,V444_4,PORT06,57.01,57.5,9.0068,4.0068,AIR   ,2
814,V444_4,PORT06,57.51,58.0,9.0408,2.040800000000001,AIR   ,2
815,V444_4,PORT06,58.01,58.5,9.0748,4.0748,AIR   ,2
816,V444_4,PORT06,58.51,59.0,9.1088,2.1088000000000005,AIR   ,2
817,V444_4,PORT06,59.01,59.5,9.142800000000001,2.1428000000000003,AIR   ,2
818,V444_4,PORT06,59.51,60.0,9.1768,6.1768,AIR   ,2
819,V444_4,PORT06,60.01,60.5,9.2108,2.2108000000000008,AIR   ,2
820,V444_4,PORT06,60.51,61.0,9.244800000000001,6.244800000000001,AIR   ,2
821,V444_4,PORT06,61.01,61.5,9.2788,3.2788000000000004,AIR   ,2
822,V444_4,PORT06,61.51,62.0,9.3128,5.3128,AIR   ,2
823,V444_4,PORT06,62.01,62.5,9.3468,6.3468,AIR   ,2
824,V444_4,PORT06,62.51,63.0,9.3808,3.3808000000000007,AIR   ,2
825,V444_4,PORT06,63.01,63.5,9.4148,4.4148000000000005,AIR   ,2
826,V444_4,PORT06,63.51,64.0,9.4488,5.4488,AIR   ,2
827,V444_4,PORT06,64.01,64.5,9.482800000000001,4.4828,AIR   ,2
828,V444_4,PORT06,64.51,65.0,9.5168,4.5168,AIR   ,2
829,V444_4,PORT06,65.01,65.5,9.5508,6.550800000000001,AIR   ,2
830,V444_4,PORT06,65.51,66.0,9.584800000000001,5.5848,AIR   ,2
831,V444_4,PORT06,66.01,66.5,9.6188,2.6188000000000002,AIR   ,2
832,V444_4,PORT06,66.51,67.0,9.6528,3.6528,AIR   ,2
833,V444_4,PORT06,67.01,67.5,9.6868,2.6868,AIR   ,2
834,V444_4,PORT06,67.51,68.0,9.7208,5.7208000000000006,AIR   ,2
835,V444_4,PORT06,68.01,68.5,9.7548,5.7548,AIR   ,2
836,V444_4,PORT06,68.51,69.0,9.7888,6.7888,AIR   ,2
837,V444_4,PORT06,69.01,69.5,9.8228,6.8228,AIR   ,2
838,V444_4,PORT06,69.51,70.0,9.8568,5.8568,AIR   ,2
839,V444_4,PORT06,70.01,70.5,9.8908,2.8908000000000005,AIR   ,2
840,V444_4,PORT06,70.51,71.0,9.924800000000001,3.9248000000000003,AIR   ,2
841,V444_4,PORT06,71.01,71.5,9.9588,3.9588,AIR   ,2
842,V444_4,PORT06,71.51,72.0,9.992799999999999,6.9928,AIR   ,2
843,V444_4,PORT06,72.01,72.5,11.0268,4.0268,AIR   ,2
844,V444_4,PORT06,72.51,73.0,11.0608,3.0608000000000004,AIR   ,2
845,V444_4,PORT06,73.01,73.5,11.0948,7.0948,AIR   ,2
846,V444_4,PORT06,73.51,74.0,11.1288,6.1288,AIR   ,2
847,V444_4,PORT06,74.01,74.5,11.1628,7.1628,AIR   ,2
848,V444_4,PORT06,74.51,75.0,11.1968,4.1968000000000005,AIR   ,2
849,V444_4,PORT06,75.01,99999.99,11.2216,0.096,AIR   ,2
850,V444_8,PORT09,500.0,1999.99,25.584000000000003,0.053200000000000004,AIR   ,2
851,V444_8,PORT09,100.0,249.99,25.584000000000003,0.053200000000000004,AIR   ,2
852,V444_8,PORT09,0.0,99.99,25.584000000000003,0.053200000000000004,AIR   ,2
853,V444_8,PORT09,2000.0,99999.99,25.584000000000003,0.053200000000000004,AIR   ,2
854,V444_8,PORT09,250.0,499.99,25.584000000000003,0.053200000000000004,AIR   ,2
855,V444_8,PORT11,100.0,249.99,17.483600000000003,0.17679999999999998,AIR   ,2
856,V444_8,PORT11,500.0,1999.99,17.483600000000003,0.17679999999999998,AIR   ,2
857,V444_8,PORT11,250.0,499.99,17.483600000000003,0.17679999999999998,AIR   ,2
858,V444_8,PORT11,0.0,99.99,17.483600000000003,0.17679999999999998,AIR   ,2
859,V444_8,PORT11,2000.0,99999.99,17.483600000000003,0.17679999999999998,AIR   ,2
860,V444_0,PORT04,500.0,1999.99,3.4552,0.054400000000000004,AIR   ,2
861,V444_0,PORT04,0.0,99.99,3.4552,0.0824,AIR   ,2
862,V444_0,PORT04,250.0,499.99,3.4552,0.054400000000000004,AIR   ,2
863,V444_0,PORT04,2000.0,99999.99,3.4552,0.054400000000000004,AIR   ,2
864,V444_0,PORT04,100.0,249.99,3.4552,0.056400000000000006,AIR   ,2
865,V444_0,PORT04,2000.0,99999.99,1.4992,0.0424,AIR   ,2
866,V444_0,PORT04,100.0,249.99,1.4992,0.0424,AIR   ,2
867,V444_0,PORT04,250.0,499.99,1.4992,0.0424,AIR   ,2
868,V444_0,PORT04,500.0,1999.99,1.4992,0.0424,AIR   ,2
869,V444_0,PORT04,0.0,99.99,1.4992,0.0484,AIR   ,2
870,V444_8,PORT04,2000.0,99999.99,29.8812,0.15560000000000002,AIR   ,2
871,V444_8,PORT04,100.0,249.99,29.8812,0.15560000000000002,AIR   ,2
872,V444_8,PORT04,0.0,99.99,29.8812,0.15560000000000002,AIR   ,2
873,V444_8,PORT04,250.0,499.99,29.8812,0.15560000000000002,AIR   ,2
874,V444_8,PORT04,500.0,1999.99,29.8812,0.15560000000000002,AIR   ,2
875,V444_1,PORT04,0.01,0.5,1.202,0.20199999999999999,AIR   ,2
876,V444_1,PORT04,0.51,1.0,1.2604,0.26039999999999996,AIR   ,2
877,V444_1,PORT04,1.01,1.5,1.3192,0.3192,AIR   ,2
878,V444_1,PORT04,1.51,2.0,1.3804,0.3804,AIR   ,2
879,V444_1,PORT04,2.01,2.5,1.4416,0.4416,AIR   ,2
880,V444_1,PORT04,70.51,99.99,9.0884,0.08439999999999999,AIR   ,2
881,V444_1,PORT04,100.0,299.99,11.6272,0.0832,AIR   ,2
882,V444_1,PORT04,300.0,499.99,33.227199999999996,0.08120000000000001,AIR   ,2
883,V444_1,PORT04,500.0,999.99,53.4272,0.08,AIR   ,2
884,V444_1,PORT04,1000.0,9999.99,101.8272,0.07800000000000001,AIR   ,2
885,V444_1,PORT04,0.01,0.5,1.4264000000000001,0.4264,AIR   ,2
886,V444_1,PORT04,0.51,1.0,1.4396,0.4396,AIR   ,2
887,V444_1,PORT04,1.01,1.5,1.4824,0.4824,AIR   ,2
888,V444_1,PORT04,1.51,2.0,1.5252,0.5252,AIR   ,2
889,V444_1,PORT04,2.01,2.5,1.568,0.568,AIR   ,2
890,V444_1,PORT04,70.51,99.99,7.804400000000001,0.08040000000000001,AIR   ,2
891,V444_1,PORT04,100.0,299.99,11.2272,0.07919999999999999,AIR   ,2
892,V444_1,PORT04,300.0,499.99,31.267200000000003,0.07800000000000001,AIR   ,2
893,V444_1,PORT04,500.0,999.99,49.4272,0.076,AIR   ,2
894,V444_1,PORT04,1000.0,9999.99,95.22720000000001,0.0744,AIR   ,2
895,V444_8,PORT02,100.0,249.99,25.3328,0.1076,AIR   ,2
896,V444_8,PORT02,2000.0,99999.99,25.3328,0.1076,AIR   ,2
897,V444_8,PORT02,500.0,1999.99,25.3328,0.1076,AIR   ,2
898,V444_8,PORT02,250.0,499.99,25.3328,0.1076,AIR   ,2
899,V444_8,PORT02,0.0,99.99,25.3328,0.1076,AIR   ,2
900,V444_5,PORT02,0.0,99.99,7.187200000000001,0.08560000000000001,AIR   ,2
901,V444_5,PORT02,100.0,249.99,7.187200000000001,0.07200000000000001,AIR   ,2
902,V444_5,PORT02,250.0,499.99,7.187200000000001,0.07200000000000001,AIR   ,2
903,V444_5,PORT02,2000.0,99999.99,7.187200000000001,0.07200000000000001,AIR   ,2
904,V444_5,PORT02,500.0,1999.99,7.187200000000001,0.07200000000000001,AIR   ,2
905,V444_5,PORT02,2000.0,99999.99,5.3872,0.05720000000000001,AIR   ,2
906,V444_5,PORT02,0.0,99.99,5.3872,0.0708,AIR   ,2
907,V444_5,PORT02,100.0,249.99,5.3872,0.05720000000000001,AIR   ,2
908,V444_5,PORT02,500.0,1999.99,5.027200000000001,0.0592,AIR   ,2
909,V444_5,PORT02,2000.0,99999.99,5.027200000000001,0.0592,AIR   ,2
910,V444_5,PORT02,0.0,99.99,1.7872,0.07279999999999999,AIR   ,2
911,V444_5,PORT02,250.0,499.99,5.3872,0.05720000000000001,AIR   ,2
912,V444_5,PORT02,250.0,499.99,5.027200000000001,0.0592,AIR   ,2
913,V444_5,PORT02,500.0,1999.99,1.7872,0.0592,AIR   ,2
914,V444_5,PORT02,100.0,249.99,1.7872,0.0592,AIR   ,2
915,V444_5,PORT02,250.0,499.99,1.7872,0.0592,AIR   ,2
916,V444_5,PORT02,100.0,249.99,5.027200000000001,0.0592,AIR   ,2
917,V444_5,PORT02,2000.0,99999.99,1.7872,0.0592,AIR   ,2
918,V444_5,PORT02,500.0,1999.99,5.3872,0.05720000000000001,AIR   ,2
919,V444_5,PORT02,0.0,99.99,5.027200000000001,0.07640000000000001,AIR   ,2
920,V444_5,PORT05,0.0,99.99,11.6072,0.1616,AIR   ,2
921,V444_5,PORT05,100.0,249.99,11.6072,0.1096,AIR   ,2
922,V444_5,PORT05,2000.0,99999.99,11.6072,0.09359999999999999,AIR   ,2
923,V444_5,PORT05,500.0,1999.99,11.6072,0.0964,AIR   ,2
924,V444_5,PORT05,250.0,499.99,11.6072,0.0984,AIR   ,2
925,V444_5,PORT05,500.0,1999.99,7.0072,0.07640000000000001,AIR   ,2
926,V444_5,PORT05,0.0,99.99,7.0072,0.1416,AIR   ,2
927,V444_5,PORT05,250.0,499.99,7.0072,0.08040000000000001,AIR   ,2
928,V444_5,PORT05,2000.0,99999.99,7.0072,0.0744,AIR   ,2
929,V444_5,PORT05,100.0,249.99,7.0072,0.08560000000000001,AIR   ,2
930,V444_1,PORT05,0.01,0.5,1.73996,0.73996,AIR   ,2
931,V444_1,PORT05,0.51,1.0,1.827304,0.827304,AIR   ,2
932,V444_1,PORT05,1.01,1.5,1.901464,0.901464,AIR   ,2
933,V444_1,PORT05,1.51,2.0,1.980156,0.9801559999999999,AIR   ,2
934,V444_1,PORT05,2.01,2.5,3.056376,1.056376,AIR   ,2
935,V444_1,PORT05,20.51,44.99,7.0813559999999995,0.172636,AIR   ,2
936,V444_1,PORT05,45.0,70.99,11.589200000000002,0.1508,AIR   ,2
937,V444_1,PORT05,71.0,99.99,17.130004,0.141324,AIR   ,2
938,V444_1,PORT05,100.0,299.99,21.5744,0.132672,AIR   ,2
939,V444_1,PORT05,300.0,499.99,63.6688,0.132672,AIR   ,2
940,V444_1,PORT05,500.0,999.99,105.76320000000001,0.132672,AIR   ,2
941,V444_1,PORT05,1000.0,9999.99,211.4992,0.132672,AIR   ,2
942,V444_1,PORT05,0.01,0.5,1.734604,0.7346039999999999,AIR   ,2
943,V444_1,PORT05,0.51,1.0,1.823184,0.8231839999999999,AIR   ,2
944,V444_1,PORT05,1.01,1.5,1.911764,0.911764,AIR   ,2
945,V444_1,PORT05,1.51,2.0,3.000344,1.0003440000000001,AIR   ,2
946,V444_1,PORT05,2.01,2.5,3.088924,1.088924,AIR   ,2
947,V444_1,PORT05,20.51,44.99,5.8304480000000005,0.160688,AIR   ,2
948,V444_1,PORT05,45.0,70.99,11.14424,0.140912,AIR   ,2
949,V444_1,PORT05,71.0,99.99,15.486460000000001,0.13226000000000002,AIR   ,2
950,V444_1,PORT05,100.0,299.99,19.709200000000003,0.12402,AIR   ,2
951,V444_1,PORT05,300.0,499.99,59.0732,0.12402,AIR   ,2
952,V444_1,PORT05,500.0,999.99,97.4372,0.12402,AIR   ,2
953,V444_1,PORT05,1000.0,9999.99,193.8472,0.12402,AIR   ,2
954,V444_7,PORT03,0.0,5000.0,425.0272,128.02720000000002,GROUND,2
955,V444_8,PORT03,250.0,499.99,27.563200000000002,0.3472,AIR   ,2
956,V444_8,PORT03,2000.0,99999.99,27.563200000000002,0.2692,AIR   ,2
957,V444_8,PORT03,0.0,99.99,27.563200000000002,0.3472,AIR   ,2
958,V444_8,PORT03,100.0,249.99,27.563200000000002,0.3472,AIR   ,2
959,V444_8,PORT03,500.0,1999.99,27.563200000000002,0.2692,AIR   ,2
960,V444_5,PORT06,2000.0,99999.99,25.4672,0.2884,AIR   ,1
961,V444_5,PORT06,100.0,249.99,25.4672,0.2884,AIR   ,1
962,V444_5,PORT06,250.0,499.99,25.4672,0.2884,AIR   ,1
963,V444_5,PORT06,500.0,1999.99,25.4672,0.2884,AIR   ,1
964,V444_5,PORT06,0.0,99.99,25.4672,0.3104,AIR   ,1
965,V444_5,PORT06,2000.0,99999.99,19.6672,0.2756,AIR   ,1
966,V444_5,PORT06,250.0,499.99,19.6672,0.2756,AIR   ,1
967,V444_5,PORT06,500.0,1999.99,19.6672,0.2756,AIR   ,1
968,V444_5,PORT06,0.0,99.99,19.6672,0.2976,AIR   ,1
969,V444_5,PORT06,100.0,249.99,19.6672,0.2756,AIR   ,1
970,V444_5,PORT09,0.0,5000.0,31.278399999999998,21.278399999999998,GROUND,1
971,V444_4,PORT04,0.0,0.5,1.396,0.396,AIR   ,1
972,V444_4,PORT04,0.51,1.0,1.4447999999999999,0.4448,AIR   ,1
973,V444_4,PORT04,1.01,1.5,1.4928,0.4928,AIR   ,1
974,V444_4,PORT04,1.51,2.0,1.5415999999999999,0.5416,AIR   ,1
975,V444_4,PORT04,2.01,2.5,1.5899999999999999,0.59,AIR   ,1
976,V444_4,PORT04,2.51,3.0,1.6383999999999999,0.6384,AIR   ,1
977,V444_4,PORT04,3.01,3.5,1.6872,0.6872,AIR   ,1
978,V444_4,PORT04,3.51,4.0,1.7356,0.7356,AIR   ,1
979,V444_4,PORT04,4.01,4.5,1.784,0.784,AIR   ,1
980,V444_4,PORT04,4.51,5.0,1.832,0.8320000000000001,AIR   ,1
981,V444_4,PORT04,5.01,5.5,1.8476,0.8476,AIR   ,1
982,V444_4,PORT04,5.51,6.0,1.8632,0.8632,AIR   ,1
983,V444_4,PORT04,6.01,6.5,1.8788,0.8787999999999999,AIR   ,1
984,V444_4,PORT04,6.51,7.0,1.8944,0.8944,AIR   ,1
985,V444_4,PORT04,7.01,7.5,1.9100000000000001,0.91,AIR   ,1
986,V444_4,PORT04,7.51,8.0,1.9256,0.9256,AIR   ,1
987,V444_4,PORT04,8.01,8.5,1.9412,0.9412,AIR   ,1
988,V444_4,PORT04,8.51,9.0,1.9567999999999999,0.9567999999999999,AIR   ,1
989,V444_4,PORT04,9.01,9.5,1.9724,0.9723999999999999,AIR   ,1
990,V444_4,PORT04,9.51,10.0,1.988,0.988,AIR   ,1
991,V444_4,PORT04,10.01,10.5,1.9948000000000001,0.9948,AIR   ,1
992,V444_4,PORT04,10.51,11.0,3.0016,1.0016,AIR   ,1
993,V444_4,PORT04,11.01,11.5,3.0084,1.0084,AIR   ,1
994,V444_4,PORT04,11.51,12.0,3.0152,1.0151999999999999,AIR   ,1
995,V444_4,PORT04,12.01,12.5,3.0220000000000002,1.022,AIR   ,1
996,V444_4,PORT04,12.51,13.0,3.0288,1.0288,AIR   ,1
997,V444_4,PORT04,13.01,13.5,3.0356,1.0356,AIR   ,1
998,V444_4,PORT04,13.51,14.0,3.0423999999999998,1.0424,AIR   ,1
999,V444_4,PORT04,14.01,14.5,3.0492,1.0492,AIR   ,1
1000,V444_4,PORT04,14.51,15.0,3.056,1.056,AIR   ,1
1001,V444_4,PORT04,15.01,15.5,3.0700000000000003,1.07,AIR   ,1
1002,V444_4,PORT04,15.51,16.0,3.084,1.084,AIR   ,1
1003,V444_4,PORT04,16.01,16.5,3.098,1.0979999999999999,AIR   ,1
1004,V444_4,PORT04,16.51,17.0,3.112,1.112,AIR   ,1
1005,V444_4,PORT04,17.01,17.5,3.126,1.126,AIR   ,1
1006,V444_4,PORT04,17.51,18.0,3.1399999999999997,1.14,AIR   ,1
1007,V444_4,PORT04,18.01,18.5,3.154,1.1540000000000001,AIR   ,1
1008,V444_4,PORT04,18.51,19.0,3.168,1.168,AIR   ,1
1009,V444_4,PORT04,19.01,19.5,3.182,1.182,AIR   ,1
1010,V444_4,PORT04,19.51,20.0,3.1959999999999997,1.196,AIR   ,1
1011,V444_4,PORT04,20.01,20.5,3.21,1.21,AIR   ,1
1012,V444_4,PORT04,20.51,21.0,3.224,1.224,AIR   ,1
1013,V444_4,PORT04,21.01,21.5,3.238,1.238,AIR   ,1
1014,V444_4,PORT04,21.51,22.0,3.252,1.252,AIR   ,1
1015,V444_4,PORT04,22.01,22.5,3.266,1.266,AIR   ,1
1016,V444_4,PORT04,22.51,23.0,3.2800000000000002,1.28,AIR   ,1
1017,V444_4,PORT04,23.01,23.5,3.294,1.294,AIR   ,1
1018,V444_4,PORT04,23.51,24.0,3.308,1.308,AIR   ,1
1019,V444_4,PORT04,24.01,24.5,3.322,1.3219999999999998,AIR   ,1
1020,V444_4,PORT04,24.51,25.0,3.336,1.3359999999999999,AIR   ,1
1021,V444_4,PORT04,25.01,25.5,3.3848,1.3847999999999998,AIR   ,1
1022,V444_4,PORT04,25.51,26.0,3.4335999999999998,1.4335999999999998,AIR   ,1
1023,V444_4,PORT04,26.01,26.5,3.4824,1.4824000000000002,AIR   ,1
1024,V444_4,PORT04,26.51,27.0,3.5312,1.5312000000000001,AIR   ,1
1025,V444_4,PORT04,27.01,27.5,3.58,1.58,AIR   ,1
1026,V444_4,PORT04,27.51,28.0,3.6288,1.6288,AIR   ,1
1027,V444_4,PORT04,28.01,28.5,3.6776,1.6776,AIR   ,1
1028,V444_4,PORT04,28.51,29.0,3.7264,1.7264,AIR   ,1
1029,V444_4,PORT04,29.01,29.5,3.7752,1.7752000000000001,AIR   ,1
1030,V444_4,PORT04,29.51,30.0,3.824,1.824,AIR   ,1
1031,V444_4,PORT04,30.01,30.5,3.8728,1.8728,AIR   ,1
1032,V444_4,PORT04,30.51,31.0,3.9215999999999998,1.9216,AIR   ,1
1033,V444_4,PORT04,31.01,31.5,3.9703999999999997,1.9704,AIR   ,1
1034,V444_4,PORT04,31.51,32.0,5.0192,1.0191999999999997,AIR   ,1
1035,V444_4,PORT04,32.01,32.5,5.068,3.068,AIR   ,1
1036,V444_4,PORT04,32.51,33.0,5.1168,2.1168,AIR   ,1
1037,V444_4,PORT04,33.01,33.5,5.1655999999999995,3.1656,AIR   ,1
1038,V444_4,PORT04,33.51,34.0,5.2143999999999995,3.2144,AIR   ,1
1039,V444_4,PORT04,34.01,34.5,5.263199999999999,2.2632,AIR   ,1
1040,V444_4,PORT04,34.51,35.0,5.311999999999999,1.3119999999999998,AIR   ,1
1041,V444_4,PORT04,35.01,35.5,5.3608,3.3608000000000002,AIR   ,1
1042,V444_4,PORT04,35.51,36.0,5.4096,1.4096000000000002,AIR   ,1
1043,V444_4,PORT04,36.01,36.5,5.4584,2.4584,AIR   ,1
1044,V444_4,PORT04,36.51,37.0,5.5072,1.5072,AIR   ,1
1045,V444_4,PORT04,37.01,37.5,5.556,2.556,AIR   ,1
1046,V444_4,PORT04,37.51,38.0,5.6048,3.6048,AIR   ,1
1047,V444_4,PORT04,38.01,38.5,5.6536,1.6536,AIR   ,1
1048,V444_4,PORT04,38.51,39.0,5.7024,2.7024,AIR   ,1
1049,V444_4,PORT04,39.01,39.5,5.7512,2.7512,AIR   ,1
1050,V444_4,PORT04,39.51,40.0,5.8,3.8,AIR   ,1
1051,V444_4,PORT04,40.01,40.5,5.848800000000001,3.8488000000000007,AIR   ,1
1052,V444_4,PORT04,40.51,41.0,5.897600000000001,1.8976000000000006,AIR   ,1
1053,V444_4,PORT04,41.01,41.5,5.946400000000001,1.9464000000000006,AIR   ,1
1054,V444_4,PORT04,41.51,42.0,5.9952000000000005,1.9952000000000005,AIR   ,1
1055,V444_4,PORT04,42.01,42.5,7.0440000000000005,4.0440000000000005,AIR   ,1
1056,V444_4,PORT04,42.51,43.0,7.0928,2.0928000000000004,AIR   ,1
1057,V444_4,PORT04,43.01,43.5,7.1416,3.1416000000000004,AIR   ,1
1058,V444_4,PORT04,43.51,44.0,7.1904,4.1904,AIR   ,1
1059,V444_4,PORT04,44.01,44.5,7.2392,4.2392,AIR   ,1
1060,V444_4,PORT04,44.51,45.0,7.288,2.2880000000000003,AIR   ,1
1061,V444_4,PORT04,45.01,45.5,7.3276,3.3276000000000003,AIR   ,1
1062,V444_4,PORT04,45.51,46.0,7.3672,3.3672000000000004,AIR   ,1
1063,V444_4,PORT04,46.01,46.5,7.4068000000000005,4.4068000000000005,AIR   ,1
1064,V444_4,PORT04,46.51,47.0,7.446400000000001,3.4464000000000006,AIR   ,1
1065,V444_4,PORT04,47.01,47.5,7.486000000000001,4.486000000000001,AIR   ,1
1066,V444_4,PORT04,47.51,48.0,7.5256,4.5256,AIR   ,1
1067,V444_4,PORT04,48.01,48.5,7.565200000000001,2.5652000000000004,AIR   ,1
1068,V444_4,PORT04,48.51,49.0,7.6048,3.6048,AIR   ,1
1069,V444_4,PORT04,49.01,49.5,7.644400000000001,2.6444000000000005,AIR   ,1
1070,V444_4,PORT04,49.51,50.0,7.684,4.684,AIR   ,1
1071,V444_4,PORT04,50.01,50.5,7.7236,4.7236,AIR   ,1
1072,V444_4,PORT04,50.51,51.0,7.7632,3.7632000000000003,AIR   ,1
1073,V444_4,PORT04,51.01,51.5,7.8028,4.8028,AIR   ,1
1074,V444_4,PORT04,51.51,52.0,7.8424,4.8424,AIR   ,1
1075,V444_4,PORT04,52.01,52.5,7.882000000000001,4.882000000000001,AIR   ,1
1076,V444_4,PORT04,52.51,53.0,7.9216,2.9216,AIR   ,1
1077,V444_4,PORT04,53.01,53.5,7.9612,4.9612,AIR   ,1
1078,V444_4,PORT04,53.51,54.0,9.000800000000002,5.000800000000001,AIR   ,1
1079,V444_4,PORT04,54.01,54.5,9.0404,3.0404,AIR   ,1
1080,V444_4,PORT04,54.51,55.0,9.08,6.08,AIR   ,1
1081,V444_4,PORT04,55.01,55.5,9.1196,5.1196,AIR   ,1
1082,V444_4,PORT04,55.51,56.0,9.1592,2.1592000000000002,AIR   ,1
1083,V444_4,PORT04,56.01,56.5,9.1988,6.1988,AIR   ,1
1084,V444_4,PORT04,56.51,57.0,9.2384,6.2384,AIR   ,1
1085,V444_4,PORT04,57.01,57.5,9.278,6.2780000000000005,AIR   ,1
1086,V444_4,PORT04,57.51,58.0,9.3176,3.3176000000000005,AIR   ,1
1087,V444_4,PORT04,58.01,58.5,9.3572,4.357200000000001,AIR   ,1
1088,V444_4,PORT04,58.51,59.0,9.396799999999999,5.3968,AIR   ,1
1089,V444_4,PORT04,59.01,59.5,9.4364,5.436400000000001,AIR   ,1
1090,V444_4,PORT04,59.51,60.0,9.475999999999999,5.476,AIR   ,1
1091,V444_4,PORT04,60.01,60.5,9.5156,6.5156,AIR   ,1
1092,V444_4,PORT04,60.51,61.0,9.5552,6.5552,AIR   ,1
1093,V444_4,PORT04,61.01,61.5,9.5948,6.5948,AIR   ,1
1094,V444_4,PORT04,61.51,62.0,9.6344,5.6344,AIR   ,1
1095,V444_4,PORT04,62.01,62.5,9.674,5.674,AIR   ,1
1096,V444_4,PORT04,62.51,63.0,9.7136,4.7136000000000005,AIR   ,1
1097,V444_4,PORT04,63.01,63.5,9.7532,3.7532000000000005,AIR   ,1
1098,V444_4,PORT04,63.51,64.0,9.7928,4.792800000000001,AIR   ,1
1099,V444_4,PORT04,64.01,64.5,9.8324,2.8324,AIR   ,1
1100,V444_4,PORT04,64.51,65.0,9.872,3.8720000000000008,AIR   ,1
1101,V444_4,PORT04,65.01,65.5,9.9116,5.9116,AIR   ,1
1102,V444_4,PORT04,65.51,66.0,9.9512,2.9512,AIR   ,1
1103,V444_4,PORT04,66.01,66.5,9.9908,2.9908,AIR   ,1
1104,V444_4,PORT04,66.51,67.0,11.0304,4.0304,AIR   ,1
1105,V444_4,PORT04,67.01,67.5,11.07,6.07,AIR   ,1
1106,V444_4,PORT04,67.51,68.0,11.1096,6.1096,AIR   ,1
1107,V444_4,PORT04,68.01,68.5,11.1492,7.1492,AIR   ,1
1108,V444_4,PORT04,68.51,69.0,11.1888,5.1888,AIR   ,1
1109,V444_4,PORT04,69.01,69.5,11.2284,7.228400000000001,AIR   ,1
1110,V444_4,PORT04,69.51,70.0,11.268,4.268000000000001,AIR   ,1
1111,V444_4,PORT04,70.01,70.5,11.3076,6.3076,AIR   ,1
1112,V444_4,PORT04,70.51,71.0,11.3472,4.3472,AIR   ,1
1113,V444_4,PORT04,71.01,71.5,11.386800000000001,3.386800000000001,AIR   ,1
1114,V444_4,PORT04,71.51,72.0,11.426400000000001,4.4264,AIR   ,1
1115,V444_4,PORT04,72.01,72.5,11.466000000000001,4.466,AIR   ,1
1116,V444_4,PORT04,72.51,73.0,11.505600000000001,7.5056,AIR   ,1
1117,V444_4,PORT04,73.01,73.5,11.5452,4.5451999999999995,AIR   ,1
1118,V444_4,PORT04,73.51,74.0,11.584800000000001,6.5848,AIR   ,1
1119,V444_4,PORT04,74.01,74.5,11.624400000000001,7.6244000000000005,AIR   ,1
1120,V444_4,PORT04,74.51,75.0,11.664,7.664,AIR   ,1
1121,V444_4,PORT04,75.01,99999.99,11.7048,0.1024,AIR   ,1
1122,V444_1,PORT04,0.01,0.5,1.202,0.20199999999999999,AIR   ,1
1123,V444_1,PORT04,0.51,1.0,1.2604,0.26039999999999996,AIR   ,1
1124,V444_1,PORT04,1.01,1.5,1.3192,0.3192,AIR   ,1
1125,V444_1,PORT04,1.51,2.0,1.3804,0.3804,AIR   ,1
1126,V444_1,PORT04,2.01,2.5,1.4416,0.4416,AIR   ,1
1127,V444_1,PORT04,70.51,99.99,9.0884,0.08439999999999999,AIR   ,1
1128,V444_1,PORT04,100.0,299.99,11.6272,0.0832,AIR   ,1
1129,V444_1,PORT04,300.0,499.99,33.227199999999996,0.08120000000000001,AIR   ,1
1130,V444_1,PORT04,500.0,999.99,53.4272,0.08,AIR   ,1
1131,V444_1,PORT04,1000.0,9999.99,101.8272,0.07800000000000001,AIR   ,1
1132,V444_1,PORT04,0.01,0.5,1.4264000000000001,0.4264,AIR   ,1
1133,V444_1,PORT04,0.51,1.0,1.4396,0.4396,AIR   ,1
1134,V444_1,PORT04,1.01,1.5,1.4824,0.4824,AIR   ,1
1135,V444_1,PORT04,1.51,2.0,1.5252,0.5252,AIR   ,1
1136,V444_1,PORT04,2.01,2.5,1.568,0.568,AIR   ,1
1137,V444_1,PORT04,70.51,99.99,7.804400000000001,0.08040000000000001,AIR   ,1
1138,V444_1,PORT04,100.0,299.99,11.2272,0.07919999999999999,AIR   ,1
1139,V444_1,PORT04,300.0,499.99,31.267200000000003,0.07800000000000001,AIR   ,1
1140,V444_1,PORT04,500.0,999.99,49.4272,0.076,AIR   ,1
1141,V444_1,PORT04,1000.0,9999.99,95.22720000000001,0.0744,AIR   ,1
1142,V444_1,PORT02,300.0,499.99,33.467200000000005,0.08200000000000002,AIR   ,1
1143,V444_1,PORT02,500.0,999.99,55.4272,0.08200000000000002,AIR   ,1
1144,V444_1,PORT02,1000.0,9999.99,109.8272,0.08200000000000002,AIR   ,1
1145,V444_1,PORT02,300.0,499.99,35.6672,0.086,AIR   ,1
1146,V444_1,PORT02,500.0,999.99,59.4272,0.086,AIR   ,1
1147,V444_1,PORT02,1000.0,9999.99,117.8272,0.086,AIR   ,1
1148,V444_1,PORT02,100.0,299.99,11.987200000000001,0.0868,AIR   ,1
1149,V444_1,PORT02,70.51,99.99,9.4292,0.0892,AIR   ,1
1150,V444_1,PORT02,100.0,299.99,13.3872,0.0908,AIR   ,1
1151,V444_1,PORT02,70.51,99.99,9.7416,0.09359999999999999,AIR   ,1
1152,V444_1,PORT02,0.01,0.5,1.43,0.43,AIR   ,1
1153,V444_1,PORT02,0.51,1.0,1.43,0.43,AIR   ,1
1154,V444_1,PORT02,0.01,0.5,1.4512,0.4512,AIR   ,1
1155,V444_1,PORT02,0.51,1.0,1.4512,0.4512,AIR   ,1
1156,V444_1,PORT02,1.01,1.5,1.4512,0.4512,AIR   ,1
1157,V444_1,PORT02,1.51,2.0,1.4512,0.4512,AIR   ,1
1158,V444_1,PORT02,2.01,2.5,1.4512,0.4512,AIR   ,1
1159,V444_1,PORT02,1.01,1.5,1.5219999999999998,0.5219999999999999,AIR   ,1
1160,V444_1,PORT02,1.51,2.0,1.6139999999999999,0.614,AIR   ,1
1161,V444_1,PORT02,2.01,2.5,1.7064,0.7064,AIR   ,1
1162,V444_4,PORT02,75.01,99999.99,11.2216,0.096,AIR   ,1
1163,V444_4,PORT02,0.0,0.5,1.4356,0.43560000000000004,AIR   ,1
1164,V444_4,PORT02,0.51,1.0,1.4768,0.4768,AIR   ,1
1165,V444_4,PORT02,1.01,1.5,1.5148,0.5147999999999999,AIR   ,1
1166,V444_4,PORT02,1.51,2.0,1.5516,0.5516,AIR   ,1
1167,V444_4,PORT02,2.01,2.5,1.5859999999999999,0.586,AIR   ,1
1168,V444_4,PORT02,2.51,3.0,1.6204,0.6204,AIR   ,1
1169,V444_4,PORT02,3.01,3.5,1.654,0.654,AIR   ,1
1170,V444_4,PORT02,3.51,4.0,1.6884000000000001,0.6884,AIR   ,1
1171,V444_4,PORT02,4.01,4.5,1.7227999999999999,0.7228,AIR   ,1
1172,V444_4,PORT02,4.51,5.0,1.7568,0.7567999999999999,AIR   ,1
1173,V444_4,PORT02,5.01,5.5,1.7872,0.7872,AIR   ,1
1174,V444_4,PORT02,5.51,6.0,1.8176,0.8176000000000001,AIR   ,1
1175,V444_4,PORT02,6.01,6.5,1.8479999999999999,0.848,AIR   ,1
1176,V444_4,PORT02,6.51,7.0,1.8784,0.8784000000000001,AIR   ,1
1177,V444_4,PORT02,7.01,7.5,1.9087999999999998,0.9087999999999999,AIR   ,1
1178,V444_4,PORT02,7.51,8.0,1.9392,0.9392,AIR   ,1
1179,V444_4,PORT02,8.01,8.5,1.9695999999999998,0.9695999999999999,AIR   ,1
1180,V444_4,PORT02,8.51,9.0,2.0,1.0,AIR   ,1
1181,V444_4,PORT02,25.51,26.0,5.0168,1.0168,AIR   ,1
1182,V444_4,PORT02,9.01,9.5,3.0304,1.0304,AIR   ,1
1183,V444_4,PORT02,9.51,10.0,3.0608,1.0608,AIR   ,1
1184,V444_4,PORT02,10.01,10.5,3.0904,1.0903999999999998,AIR   ,1
1185,V444_4,PORT02,10.51,11.0,3.12,1.12,AIR   ,1
1186,V444_4,PORT02,27.51,28.0,5.1368,2.1368,AIR   ,1
1187,V444_4,PORT02,11.01,11.5,3.1496,1.1496,AIR   ,1
1188,V444_4,PORT02,11.51,12.0,3.1792,1.1792,AIR   ,1
1189,V444_4,PORT02,28.51,29.0,5.1968,3.1968,AIR   ,1
1190,V444_4,PORT02,12.01,12.5,3.2088,1.2087999999999999,AIR   ,1
1191,V444_4,PORT02,12.51,13.0,3.2384,1.2384,AIR   ,1
1192,V444_4,PORT02,13.01,13.5,3.268,1.268,AIR   ,1
1193,V444_4,PORT02,30.01,30.5,5.2867999999999995,3.2868,AIR   ,1
1194,V444_4,PORT02,13.51,14.0,3.2976,1.2976,AIR   ,1
1195,V444_4,PORT02,30.51,31.0,5.316800000000001,1.3168000000000002,AIR   ,1
1196,V444_4,PORT02,14.01,14.5,3.3272,1.3272,AIR   ,1
1197,V444_4,PORT02,31.01,31.5,5.3468,1.3468,AIR   ,1
1198,V444_4,PORT02,14.51,15.0,3.3568,1.3568,AIR   ,1
1199,V444_4,PORT02,15.01,15.5,3.3868,1.3868,AIR   ,1
1200,V444_4,PORT02,15.51,16.0,3.4168000000000003,1.4168,AIR   ,1
1201,V444_4,PORT02,32.51,33.0,5.4368,1.4367999999999999,AIR   ,1
1202,V444_4,PORT02,16.01,16.5,3.4468,1.4468,AIR   ,1
1203,V444_4,PORT02,33.01,33.5,5.4668,3.4668,AIR   ,1
1204,V444_4,PORT02,16.51,17.0,3.4768,1.4768000000000001,AIR   ,1
1205,V444_4,PORT02,17.01,17.5,3.5068,1.5068000000000001,AIR   ,1
1206,V444_4,PORT02,17.51,18.0,3.5368000000000004,1.5368000000000002,AIR   ,1
1207,V444_4,PORT02,34.51,35.0,5.5568,3.5568,AIR   ,1
1208,V444_4,PORT02,18.01,18.5,3.5667999999999997,1.5668,AIR   ,1
1209,V444_4,PORT02,18.51,19.0,3.5968,1.5968,AIR   ,1
1210,V444_4,PORT02,35.51,36.0,5.6168,2.6168,AIR   ,1
1211,V444_4,PORT02,19.01,19.5,3.6268000000000002,1.6268,AIR   ,1
1212,V444_4,PORT02,19.51,20.0,3.6568,1.6568,AIR   ,1
1213,V444_4,PORT02,36.51,37.0,5.6768,1.6768,AIR   ,1
1214,V444_4,PORT02,20.01,20.5,3.6868,1.6868,AIR   ,1
1215,V444_4,PORT02,20.51,21.0,3.7168,1.7168,AIR   ,1
1216,V444_4,PORT02,37.51,38.0,5.736800000000001,3.7368,AIR   ,1
1217,V444_4,PORT02,21.01,21.5,3.7468000000000004,1.7468000000000001,AIR   ,1
1218,V444_4,PORT02,21.51,22.0,3.7768,1.7768000000000002,AIR   ,1
1219,V444_4,PORT02,22.01,22.5,3.8068,1.8068,AIR   ,1
1220,V444_4,PORT02,22.51,23.0,3.8368,1.8368,AIR   ,1
1221,V444_4,PORT02,23.01,23.5,3.8668,1.8668,AIR   ,1
1222,V444_4,PORT02,23.51,24.0,3.8968,1.8968,AIR   ,1
1223,V444_4,PORT02,24.01,24.5,3.9268,1.9268,AIR   ,1
1224,V444_4,PORT02,24.51,25.0,3.9568000000000003,1.9568,AIR   ,1
1225,V444_4,PORT02,41.51,42.0,5.9768,1.9768,AIR   ,1
1226,V444_4,PORT02,25.01,25.5,3.9868,1.9868000000000001,AIR   ,1
1227,V444_4,PORT02,43.51,44.0,7.0968,2.0968,AIR   ,1
1228,V444_4,PORT02,27.01,27.5,5.1068,3.1068000000000002,AIR   ,1
1229,V444_4,PORT02,59.51,60.0,9.1768,5.1768,AIR   ,1
1230,V444_4,PORT02,29.01,29.5,5.2268,3.2268,AIR   ,1
1231,V444_4,PORT02,31.51,32.0,5.3768,2.3768000000000002,AIR   ,1
1232,V444_4,PORT02,48.01,48.5,7.3948,2.3948,AIR   ,1
1233,V444_4,PORT02,32.01,32.5,5.4068000000000005,1.4068,AIR   ,1
1234,V444_4,PORT02,33.51,34.0,5.4968,2.4968,AIR   ,1
1235,V444_4,PORT02,64.51,65.0,9.5168,2.5168,AIR   ,1
1236,V444_4,PORT02,35.01,35.5,5.5868,3.5868,AIR   ,1
1237,V444_4,PORT02,51.01,51.5,7.598800000000001,3.5988000000000007,AIR   ,1
1238,V444_4,PORT02,66.01,66.5,9.6188,2.6188000000000002,AIR   ,1
1239,V444_4,PORT02,36.01,36.5,5.646800000000001,3.6468000000000003,AIR   ,1
1240,V444_4,PORT02,52.01,52.5,7.6668,2.6668000000000003,AIR   ,1
1241,V444_4,PORT02,37.01,37.5,5.706799999999999,2.7068,AIR   ,1
1242,V444_4,PORT02,38.01,38.5,5.7668,1.7668,AIR   ,1
1243,V444_4,PORT02,38.51,39.0,5.7968,1.7968000000000002,AIR   ,1
1244,V444_4,PORT02,39.01,39.5,5.8268,3.8268,AIR   ,1
1245,V444_4,PORT02,40.01,40.5,5.8868,2.8868,AIR   ,1
1246,V444_4,PORT02,70.01,70.5,9.8908,4.8908000000000005,AIR   ,1
1247,V444_4,PORT02,71.01,71.5,9.9588,5.9588,AIR   ,1
1248,V444_4,PORT02,42.01,42.5,7.0068,3.0068,AIR   ,1
1249,V444_4,PORT02,42.51,43.0,7.0367999999999995,3.0368,AIR   ,1
1250,V444_4,PORT02,57.51,58.0,9.0408,3.040800000000001,AIR   ,1
1251,V444_4,PORT02,26.01,26.5,5.0468,3.0468,AIR   ,1
1252,V444_4,PORT02,26.51,27.0,5.0768,3.0768,AIR   ,1
1253,V444_4,PORT02,59.01,59.5,9.142800000000001,6.1428,AIR   ,1
1254,V444_4,PORT02,44.51,45.0,7.1568000000000005,4.1568000000000005,AIR   ,1
1255,V444_4,PORT02,28.01,28.5,5.1668,2.1668000000000003,AIR   ,1
1256,V444_4,PORT02,29.51,30.0,5.2568,2.2568,AIR   ,1
1257,V444_4,PORT02,61.01,61.5,9.2788,6.2788,AIR   ,1
1258,V444_4,PORT02,46.51,47.0,7.2928,3.2928,AIR   ,1
1259,V444_4,PORT02,61.51,62.0,9.3128,4.3128,AIR   ,1
1260,V444_4,PORT02,47.01,47.5,7.3268,4.3268,AIR   ,1
1261,V444_4,PORT02,47.51,48.0,7.3608,2.3608000000000002,AIR   ,1
1262,V444_4,PORT02,49.01,49.5,7.4628,3.4628,AIR   ,1
1263,V444_4,PORT02,34.01,34.5,5.5268,1.5268000000000002,AIR   ,1
1264,V444_4,PORT02,50.01,50.5,7.530800000000001,2.5308000000000006,AIR   ,1
1265,V444_4,PORT02,51.51,52.0,7.6328000000000005,4.6328000000000005,AIR   ,1
1266,V444_4,PORT02,53.51,54.0,7.768800000000001,3.7688000000000006,AIR   ,1
1267,V444_4,PORT02,68.51,69.0,9.7888,2.7888,AIR   ,1
1268,V444_4,PORT02,54.01,54.5,7.8028,4.8028,AIR   ,1
1269,V444_4,PORT02,69.01,69.5,9.8228,5.8228,AIR   ,1
1270,V444_4,PORT02,39.51,40.0,5.8568,2.8568000000000002,AIR   ,1
1271,V444_4,PORT02,55.01,55.5,7.870800000000001,3.8708000000000005,AIR   ,1
1272,V444_4,PORT02,55.51,56.0,7.9048,2.9048000000000003,AIR   ,1
1273,V444_4,PORT02,40.51,41.0,5.9168,1.9168000000000003,AIR   ,1
1274,V444_4,PORT02,56.01,56.5,7.9388000000000005,3.9388000000000005,AIR   ,1
1275,V444_4,PORT02,41.01,41.5,5.9468,2.9468,AIR   ,1
1276,V444_4,PORT02,56.51,57.0,7.9728,4.9728,AIR   ,1
1277,V444_4,PORT02,71.51,72.0,9.992799999999999,2.9928,AIR   ,1
1278,V444_4,PORT02,57.01,57.5,9.0068,5.0068,AIR   ,1
1279,V444_4,PORT02,72.01,72.5,11.0268,6.0268,AIR   ,1
1280,V444_4,PORT02,72.51,73.0,11.0608,7.0608,AIR   ,1
1281,V444_4,PORT02,43.01,43.5,7.066800000000001,3.0668,AIR   ,1
1282,V444_4,PORT02,44.01,44.5,7.1268,4.1268,AIR   ,1
1283,V444_4,PORT02,74.01,74.5,11.1628,6.1628,AIR   ,1
1284,V444_4,PORT02,45.01,45.5,7.1908,4.1908,AIR   ,1
1285,V444_4,PORT02,60.01,60.5,9.2108,6.210800000000001,AIR   ,1
1286,V444_4,PORT02,45.51,46.0,7.2248,4.2248,AIR   ,1
1287,V444_4,PORT02,60.51,61.0,9.244800000000001,4.244800000000001,AIR   ,1
1288,V444_4,PORT02,46.01,46.5,7.258800000000001,3.2588000000000004,AIR   ,1
1289,V444_4,PORT02,62.51,63.0,9.3808,5.380800000000001,AIR   ,1
1290,V444_4,PORT02,48.51,49.0,7.428800000000001,2.4288000000000007,AIR   ,1
1291,V444_4,PORT02,64.01,64.5,9.482800000000001,4.4828,AIR   ,1
1292,V444_4,PORT02,49.51,50.0,7.4968,3.4968,AIR   ,1
1293,V444_4,PORT02,65.01,65.5,9.5508,5.550800000000001,AIR   ,1
1294,V444_4,PORT02,50.51,51.0,7.5648,3.5648,AIR   ,1
1295,V444_4,PORT02,65.51,66.0,9.584800000000001,3.5848000000000004,AIR   ,1
1296,V444_4,PORT02,52.51,53.0,7.700800000000001,4.700800000000001,AIR   ,1
1297,V444_4,PORT02,53.01,53.5,7.7348,2.7348000000000003,AIR   ,1
1298,V444_4,PORT02,54.51,55.0,7.8368,2.8368,AIR   ,1
1299,V444_4,PORT02,63.01,63.5,9.4148,3.4148000000000005,AIR   ,1
1300,V444_4,PORT02,63.51,64.0,9.4488,6.4488,AIR   ,1
1301,V444_4,PORT02,66.51,67.0,9.6528,3.6528,AIR   ,1
1302,V444_4,PORT02,67.01,67.5,9.6868,3.6868,AIR   ,1
1303,V444_4,PORT02,67.51,68.0,9.7208,3.7208000000000006,AIR   ,1
1304,V444_4,PORT02,68.01,68.5,9.7548,4.7548,AIR   ,1
1305,V444_4,PORT02,70.51,71.0,9.924800000000001,2.9248000000000003,AIR   ,1
1306,V444_4,PORT02,58.01,58.5,9.0748,2.0747999999999998,AIR   ,1
1307,V444_4,PORT02,58.51,59.0,9.1088,3.1088000000000005,AIR   ,1
1308,V444_4,PORT02,73.51,74.0,11.1288,4.1288,AIR   ,1
1309,V444_4,PORT02,62.01,62.5,9.3468,4.3468,AIR   ,1
1310,V444_4,PORT02,69.51,70.0,9.8568,6.8568,AIR   ,1
1311,V444_4,PORT02,73.01,73.5,11.0948,4.0948,AIR   ,1
1312,V444_4,PORT02,74.51,75.0,11.1968,3.1968000000000005,AIR   ,1
1313,V444_1,PORT05,0.01,0.5,1.73996,0.73996,AIR   ,1
1314,V444_1,PORT05,0.51,1.0,1.827304,0.827304,AIR   ,1
1315,V444_1,PORT05,1.01,1.5,1.901464,0.901464,AIR   ,1
1316,V444_1,PORT05,1.51,2.0,1.980156,0.9801559999999999,AIR   ,1
1317,V444_1,PORT05,2.01,2.5,3.056376,1.056376,AIR   ,1
1318,V444_1,PORT05,20.51,44.99,7.0813559999999995,0.172636,AIR   ,1
1319,V444_1,PORT05,45.0,70.99,11.589200000000002,0.1508,AIR   ,1
1320,V444_1,PORT05,71.0,99.99,17.130004,0.141324,AIR   ,1
1321,V444_1,PORT05,100.0,299.99,21.5744,0.132672,AIR   ,1
1322,V444_1,PORT05,300.0,499.99,63.6688,0.132672,AIR   ,1
1323,V444_1,PORT05,500.0,999.99,105.76320000000001,0.132672,AIR   ,1
1324,V444_1,PORT05,1000.0,9999.99,211.4992,0.132672,AIR   ,1
1325,V444_1,PORT05,0.01,0.5,1.734604,0.7346039999999999,AIR   ,1
1326,V444_1,PORT05,0.51,1.0,1.823184,0.8231839999999999,AIR   ,1
1327,V444_1,PORT05,1.01,1.5,1.911764,0.911764,AIR   ,1
1328,V444_1,PORT05,1.51,2.0,3.000344,1.0003440000000001,AIR   ,1
1329,V444_1,PORT05,2.01,2.5,3.088924,1.088924,AIR   ,1
1330,V444_1,PORT05,20.51,44.99,5.8304480000000005,0.160688,AIR   ,1
1331,V444_1,PORT05,45.0,70.99,11.14424,0.140912,AIR   ,1
1332,V444_1,PORT05,71.0,99.99,15.486460000000001,0.13226000000000002,AIR   ,1
1333,V444_1,PORT05,100.0,299.99,19.709200000000003,0.12402,AIR   ,1
1334,V444_1,PORT05,300.0,499.99,59.0732,0.12402,AIR   ,1
1335,V444_1,PORT05,500.0,999.99,97.4372,0.12402,AIR   ,1
1336,V444_1,PORT05,1000.0,9999.99,193.8472,0.12402,AIR   ,1
1337,V444_4,PORT05,0.0,0.5,1.5584,0.5584,AIR   ,1
1338,V444_4,PORT05,0.51,1.0,1.6288,0.6287999999999999,AIR   ,1
1339,V444_4,PORT05,1.01,1.5,1.6987999999999999,0.6988,AIR   ,1
1340,V444_4,PORT05,1.51,2.0,1.7692,0.7692,AIR   ,1
1341,V444_4,PORT05,2.01,2.5,1.8392,0.8392000000000001,AIR   ,1
1342,V444_4,PORT05,2.51,3.0,1.9092,0.9092,AIR   ,1
1343,V444_4,PORT05,3.01,3.5,1.9796,0.9795999999999999,AIR   ,1
1344,V444_4,PORT05,3.51,4.0,3.0496,1.0495999999999999,AIR   ,1
1345,V444_4,PORT05,4.01,4.5,3.1196,1.1196,AIR   ,1
1346,V444_4,PORT05,4.51,5.0,3.1896,1.1896,AIR   ,1
1347,V444_4,PORT05,5.01,5.5,3.2116,1.2116,AIR   ,1
1348,V444_4,PORT05,5.51,6.0,3.2336,1.2336,AIR   ,1
1349,V444_4,PORT05,6.01,6.5,3.2556000000000003,1.2556,AIR   ,1
1350,V444_4,PORT05,6.51,7.0,3.2776,1.2776,AIR   ,1
1351,V444_4,PORT05,7.01,7.5,3.2996,1.2996,AIR   ,1
1352,V444_4,PORT05,7.51,8.0,3.3216,1.3215999999999999,AIR   ,1
1353,V444_4,PORT05,8.01,8.5,3.3436,1.3436,AIR   ,1
1354,V444_4,PORT05,8.51,9.0,3.3655999999999997,1.3656,AIR   ,1
1355,V444_4,PORT05,9.01,9.5,3.3876,1.3876,AIR   ,1
1356,V444_4,PORT05,9.51,10.0,3.4096,1.4096000000000002,AIR   ,1
1357,V444_4,PORT05,10.01,10.5,3.4192,1.4191999999999998,AIR   ,1
1358,V444_4,PORT05,10.51,11.0,3.4288,1.4287999999999998,AIR   ,1
1359,V444_4,PORT05,11.01,11.5,3.4384,1.4384000000000001,AIR   ,1
1360,V444_4,PORT05,11.51,12.0,3.4480000000000004,1.4480000000000002,AIR   ,1
1361,V444_4,PORT05,12.01,12.5,3.4576000000000002,1.4576,AIR   ,1
1362,V444_4,PORT05,12.51,13.0,3.4672,1.4672,AIR   ,1
1363,V444_4,PORT05,13.01,13.5,3.4768,1.4768000000000001,AIR   ,1
1364,V444_4,PORT05,13.51,14.0,3.4863999999999997,1.4864,AIR   ,1
1365,V444_4,PORT05,14.01,14.5,3.496,1.496,AIR   ,1
1366,V444_4,PORT05,14.51,15.0,3.5056000000000003,1.5056,AIR   ,1
1367,V444_4,PORT05,15.01,15.5,3.5256,1.5256,AIR   ,1
1368,V444_4,PORT05,15.51,16.0,3.5456000000000003,1.5456,AIR   ,1
1369,V444_4,PORT05,16.01,16.5,3.5656,1.5656,AIR   ,1
1370,V444_4,PORT05,16.51,17.0,3.5856000000000003,1.5856000000000001,AIR   ,1
1371,V444_4,PORT05,17.01,17.5,3.6056,1.6056,AIR   ,1
1372,V444_4,PORT05,17.51,18.0,3.6256,1.6256,AIR   ,1
1373,V444_4,PORT05,18.01,18.5,3.6456,1.6456,AIR   ,1
1374,V444_4,PORT05,18.51,19.0,3.6656,1.6656,AIR   ,1
1375,V444_4,PORT05,19.01,19.5,3.6856,1.6856,AIR   ,1
1376,V444_4,PORT05,19.51,20.0,3.7056,1.7056,AIR   ,1
1377,V444_4,PORT05,20.01,20.5,3.7256,1.7256,AIR   ,1
1378,V444_4,PORT05,20.51,21.0,3.7456,1.7456,AIR   ,1
1379,V444_4,PORT05,21.01,21.5,3.7656,1.7656,AIR   ,1
1380,V444_4,PORT05,21.51,22.0,3.7856,1.7856,AIR   ,1
1381,V444_4,PORT05,22.01,22.5,3.8056,1.8056,AIR   ,1
1382,V444_4,PORT05,22.51,23.0,3.8256,1.8256000000000001,AIR   ,1
1383,V444_4,PORT05,23.01,23.5,3.8456,1.8456000000000001,AIR   ,1
1384,V444_4,PORT05,23.51,24.0,3.8655999999999997,1.8656,AIR   ,1
1385,V444_4,PORT05,24.01,24.5,3.8856,1.8856,AIR   ,1
1386,V444_4,PORT05,24.51,25.0,3.9055999999999997,1.9056,AIR   ,1
1387,V444_4,PORT05,25.01,25.5,3.976,1.976,AIR   ,1
1388,V444_4,PORT05,25.51,26.0,5.0464,2.0463999999999998,AIR   ,1
1389,V444_4,PORT05,26.01,26.5,5.1168,2.1168,AIR   ,1
1390,V444_4,PORT05,26.51,27.0,5.1872,2.1872,AIR   ,1
1391,V444_4,PORT05,27.01,27.5,5.2576,3.2576,AIR   ,1
1392,V444_4,PORT05,27.51,28.0,5.328,2.3280000000000003,AIR   ,1
1393,V444_4,PORT05,28.01,28.5,5.3984000000000005,1.3984,AIR   ,1
1394,V444_4,PORT05,28.51,29.0,5.4688,3.4688,AIR   ,1
1395,V444_4,PORT05,29.01,29.5,5.539199999999999,1.5391999999999997,AIR   ,1
1396,V444_4,PORT05,29.51,30.0,5.6096,3.6096000000000004,AIR   ,1
1397,V444_4,PORT05,30.01,30.5,5.68,2.68,AIR   ,1
1398,V444_4,PORT05,30.51,31.0,5.750400000000001,1.7504000000000004,AIR   ,1
1399,V444_4,PORT05,31.01,31.5,5.8208,3.8208,AIR   ,1
1400,V444_4,PORT05,31.51,32.0,5.8911999999999995,2.8912,AIR   ,1
1401,V444_4,PORT05,32.01,32.5,5.961600000000001,3.9616000000000002,AIR   ,1
1402,V444_4,PORT05,32.51,33.0,7.032,2.0320000000000005,AIR   ,1
1403,V444_4,PORT05,33.01,33.5,7.1024,2.1024000000000003,AIR   ,1
1404,V444_4,PORT05,33.51,34.0,7.1728000000000005,3.1728000000000005,AIR   ,1
1405,V444_4,PORT05,34.01,34.5,7.2432,2.2432000000000003,AIR   ,1
1406,V444_4,PORT05,34.51,35.0,7.3136,2.3136,AIR   ,1
1407,V444_4,PORT05,35.01,35.5,7.384,3.3840000000000003,AIR   ,1
1408,V444_4,PORT05,35.51,36.0,7.454400000000001,4.454400000000001,AIR   ,1
1409,V444_4,PORT05,36.01,36.5,7.524800000000001,2.5248000000000004,AIR   ,1
1410,V444_4,PORT05,36.51,37.0,7.5952,4.5952,AIR   ,1
1411,V444_4,PORT05,37.01,37.5,7.6655999999999995,3.6656,AIR   ,1
1412,V444_4,PORT05,37.51,38.0,7.736000000000001,2.736,AIR   ,1
1413,V444_4,PORT05,38.01,38.5,7.8064,4.8064,AIR   ,1
1414,V444_4,PORT05,38.51,39.0,7.8768,3.8768000000000002,AIR   ,1
1415,V444_4,PORT05,39.01,39.5,7.9472000000000005,2.9472000000000005,AIR   ,1
1416,V444_4,PORT05,39.51,40.0,9.017600000000002,5.017600000000001,AIR   ,1
1417,V444_4,PORT05,40.01,40.5,9.088000000000001,6.088,AIR   ,1
1418,V444_4,PORT05,40.51,41.0,9.1584,6.1584,AIR   ,1
1419,V444_4,PORT05,41.01,41.5,9.2288,6.228800000000001,AIR   ,1
1420,V444_4,PORT05,41.51,42.0,9.299199999999999,6.2992,AIR   ,1
1421,V444_4,PORT05,42.01,42.5,9.3696,4.3696,AIR   ,1
1422,V444_4,PORT05,42.51,43.0,9.440000000000001,5.44,AIR   ,1
1423,V444_4,PORT05,43.01,43.5,9.5104,3.5104000000000006,AIR   ,1
1424,V444_4,PORT05,43.51,44.0,9.5808,6.5808,AIR   ,1
1425,V444_4,PORT05,44.01,44.5,9.6512,5.6512,AIR   ,1
1426,V444_4,PORT05,44.51,45.0,9.7216,3.7216000000000005,AIR   ,1
1427,V444_4,PORT05,45.01,45.5,9.778400000000001,3.7784000000000004,AIR   ,1
1428,V444_4,PORT05,45.51,46.0,9.8352,2.8352000000000004,AIR   ,1
1429,V444_4,PORT05,46.01,46.5,9.892,5.892,AIR   ,1
1430,V444_4,PORT05,46.51,47.0,9.9488,3.9488000000000003,AIR   ,1
1431,V444_4,PORT05,47.01,47.5,11.005600000000001,6.0056,AIR   ,1
1432,V444_4,PORT05,47.51,48.0,11.0624,3.0624000000000002,AIR   ,1
1433,V444_4,PORT05,48.01,48.5,11.1192,3.1192,AIR   ,1
1434,V444_4,PORT05,48.51,49.0,11.176,4.176,AIR   ,1
1435,V444_4,PORT05,49.01,49.5,11.232800000000001,3.2328,AIR   ,1
1436,V444_4,PORT05,49.51,50.0,11.2896,4.2896,AIR   ,1
1437,V444_4,PORT05,50.01,50.5,11.3464,6.3464,AIR   ,1
1438,V444_4,PORT05,50.51,51.0,11.403200000000002,5.403200000000001,AIR   ,1
1439,V444_4,PORT05,51.01,51.5,11.46,6.46,AIR   ,1
1440,V444_4,PORT05,51.51,52.0,11.5168,6.516800000000001,AIR   ,1
1441,V444_4,PORT05,52.01,52.5,11.573599999999999,3.5736,AIR   ,1
1442,V444_4,PORT05,52.51,53.0,11.630400000000002,7.630400000000001,AIR   ,1
1443,V444_4,PORT05,53.01,53.5,11.6872,4.687200000000001,AIR   ,1
1444,V444_4,PORT05,53.51,54.0,11.744,7.744,AIR   ,1
1445,V444_4,PORT05,54.01,54.5,11.8008,3.8008000000000006,AIR   ,1
1446,V444_4,PORT05,54.51,55.0,11.8576,3.8575999999999997,AIR   ,1
1447,V444_4,PORT05,55.01,55.5,11.9144,3.9144000000000005,AIR   ,1
1448,V444_4,PORT05,55.51,56.0,11.9712,6.9712,AIR   ,1
1449,V444_4,PORT05,56.01,56.5,13.028,5.0280000000000005,AIR   ,1
1450,V444_4,PORT05,56.51,57.0,13.084800000000001,8.084800000000001,AIR   ,1
1451,V444_4,PORT05,57.01,57.5,13.1416,6.1416,AIR   ,1
1452,V444_4,PORT05,57.51,58.0,13.1984,8.1984,AIR   ,1
1453,V444_4,PORT05,58.01,58.5,13.255199999999999,8.255199999999999,AIR   ,1
1454,V444_4,PORT05,58.51,59.0,13.312000000000001,3.3120000000000003,AIR   ,1
1455,V444_4,PORT05,59.01,59.5,13.3688,3.3688000000000002,AIR   ,1
1456,V444_4,PORT05,59.51,60.0,13.4256,5.4256,AIR   ,1
1457,V444_4,PORT05,60.01,60.5,13.4824,3.4824,AIR   ,1
1458,V444_4,PORT05,60.51,61.0,13.539200000000001,3.539200000000001,AIR   ,1
1459,V444_4,PORT05,61.01,61.5,13.596,7.596,AIR   ,1
1460,V444_4,PORT05,61.51,62.0,13.6528,8.6528,AIR   ,1
1461,V444_4,PORT05,62.01,62.5,13.7096,8.7096,AIR   ,1
1462,V444_4,PORT05,62.51,63.0,13.7664,6.7664,AIR   ,1
1463,V444_4,PORT05,63.01,63.5,13.8232,4.823200000000001,AIR   ,1
1464,V444_4,PORT05,63.51,64.0,13.879999999999999,7.88,AIR   ,1
1465,V444_4,PORT05,64.01,64.5,13.936800000000002,5.936800000000001,AIR   ,1
1466,V444_4,PORT05,64.51,65.0,13.9936,9.9936,AIR   ,1
1467,V444_4,PORT05,65.01,65.5,15.0504,6.050400000000001,AIR   ,1
1468,V444_4,PORT05,65.51,66.0,15.1072,7.107200000000001,AIR   ,1
1469,V444_4,PORT05,66.01,66.5,15.164,9.164,AIR   ,1
1470,V444_4,PORT05,66.51,67.0,15.2208,10.2208,AIR   ,1
1471,V444_4,PORT05,67.01,67.5,15.2776,10.2776,AIR   ,1
1472,V444_4,PORT05,67.51,68.0,15.3344,4.3344000000000005,AIR   ,1
1473,V444_4,PORT05,68.01,68.5,15.391200000000001,6.3912,AIR   ,1
1474,V444_4,PORT05,68.51,69.0,15.448,10.448,AIR   ,1
1475,V444_4,PORT05,69.01,69.5,15.5048,9.5048,AIR   ,1
1476,V444_4,PORT05,69.51,70.0,15.561600000000002,10.561600000000002,AIR   ,1
1477,V444_4,PORT05,70.01,70.5,15.618400000000001,8.618400000000001,AIR   ,1
1478,V444_4,PORT05,70.51,71.0,15.6752,4.6752,AIR   ,1
1479,V444_4,PORT05,71.01,71.5,15.732,6.732,AIR   ,1
1480,V444_4,PORT05,71.51,72.0,15.7888,4.7888,AIR   ,1
1481,V444_4,PORT05,72.01,72.5,15.845600000000001,10.845600000000001,AIR   ,1
1482,V444_4,PORT05,72.51,73.0,15.9024,9.9024,AIR   ,1
1483,V444_4,PORT05,73.01,73.5,15.959200000000001,5.959200000000001,AIR   ,1
1484,V444_4,PORT05,73.51,74.0,17.016,11.016,AIR   ,1
1485,V444_4,PORT05,74.01,74.5,17.0728,12.072799999999999,AIR   ,1
1486,V444_4,PORT05,74.51,75.0,17.1296,10.1296,AIR   ,1
1487,V444_4,PORT05,75.01,99999.99,17.1812,0.13520000000000001,AIR   ,1
1488,V444_5,PORT03,0.0,5000.0,25.4236,6.4236,GROUND,1
1489,V444_5,PORT03,0.0,5000.0,27.2024,15.2024,GROUND,1
1490,V444_5,PORT03,0.0,5000.0,25.4236,11.4236,GROUND,1
1491,V444_5,PORT03,0.0,5000.0,27.2024,10.2024,GROUND,1
1492,V444_5,PORT03,0.0,5000.0,27.2024,9.2024,GROUND,1
1493,V444_5,PORT03,0.0,5000.0,33.3172,16.3172,GROUND,1
1494,V444_5,PORT03,0.0,5000.0,27.2024,9.2024,GROUND,1
1495,V444_5,PORT03,0.0,5000.0,33.3172,20.3172,GROUND,1
1496,V444_5,PORT03,0.0,5000.0,33.3172,13.3172,GROUND,1
1497,V444_5,PORT03,0.0,5000.0,27.2024,18.2024,GROUND,1
1498,V444_5,PORT03,0.0,5000.0,27.2024,16.2024,GROUND,1
1499,V444_5,PORT03,0.0,5000.0,33.3172,17.3172,GROUND,1
1500,V444_0,PORT03,0.0,5000.0,27.2024,16.2024,GROUND,1
1501,V444_0,PORT03,0.0,5000.0,27.2024,9.2024,GROUND,1
1502,V444_0,PORT03,0.0,5000.0,25.4236,16.4236,GROUND,1
1503,V444_0,PORT03,0.0,5000.0,25.4236,15.4236,GROUND,1
1504,V444_0,PORT03,0.0,5000.0,27.2024,13.2024,GROUND,1
1505,V444_0,PORT03,0.0,5000.0,27.2024,13.2024,GROUND,1
1506,V444_0,PORT03,0.0,5000.0,33.3172,8.3172,GROUND,1
1507,V444_0,PORT03,0.0,5000.0,33.3172,17.3172,GROUND,1
1508,V444_0,PORT03,0.0,5000.0,33.3172,12.3172,GROUND,1
1509,V444_0,PORT03,0.0,5000.0,27.2024,7.202400000000001,GROUND,1
1510,V444_0,PORT03,0.0,5000.0,27.2024,13.2024,GROUND,1
1511,V444_0,PORT03,0.0,5000.0,33.3172,10.3172,GROUND,1
1512,V444_5,PORT09,0.0,5000.0,31.278399999999998,20.278399999999998,GROUND,0
1513,V444_0,PORT09,0.0,5000.0,31.278399999999998,12.2784,GROUND,0
1514,V444_8,PORT09,500.0,1999.99,27.304000000000002,0.058800000000000005,AIR   ,0
1515,V444_8,PORT09,0.0,99.99,27.304000000000002,0.058800000000000005,AIR   ,0
1516,V444_8,PORT09,100.0,249.99,27.304000000000002,0.058800000000000005,AIR   ,0
1517,V444_8,PORT09,250.0,499.99,27.304000000000002,0.058800000000000005,AIR   ,0
1518,V444_8,PORT09,2000.0,99999.99,27.304000000000002,0.058800000000000005,AIR   ,0
1519,V444_0,PORT09,0.0,5000.0,31.278399999999998,13.2784,GROUND,0
1520,V444_8,PORT11,100.0,249.99,27.7884,0.20279999999999998,AIR   ,0
1521,V444_8,PORT11,2000.0,99999.99,27.7884,0.20279999999999998,AIR   ,0
1522,V444_8,PORT11,250.0,499.99,27.7884,0.20279999999999998,AIR   ,0
1523,V444_8,PORT11,0.0,99.99,27.7884,0.34480000000000005,AIR   ,0
1524,V444_8,PORT11,500.0,1999.99,27.7884,0.20279999999999998,AIR   ,0
1525,V444_8,PORT04,0.0,99.99,31.9612,0.1816,AIR   ,0
1526,V444_8,PORT04,2000.0,99999.99,31.9612,0.1816,AIR   ,0
1527,V444_8,PORT04,250.0,499.99,31.9612,0.1816,AIR   ,0
1528,V444_8,PORT04,500.0,1999.99,31.9612,0.1816,AIR   ,0
1529,V444_8,PORT04,100.0,249.99,31.9612,0.1816,AIR   ,0
1530,V444_8,PORT02,500.0,1999.99,27.0384,0.124,AIR   ,0
1531,V444_8,PORT02,2000.0,99999.99,27.0384,0.124,AIR   ,0
1532,V444_8,PORT02,100.0,249.99,27.0384,0.124,AIR   ,0
1533,V444_8,PORT02,250.0,499.99,27.0384,0.124,AIR   ,0
1534,V444_8,PORT02,0.0,99.99,27.0384,0.124,AIR   ,0
1535,V444_8,PORT03,0.0,99.99,29.339199999999998,0.41159999999999997,AIR   ,0
1536,V444_8,PORT03,500.0,1999.99,29.339199999999998,0.3112,AIR   ,0
1537,V444_8,PORT03,250.0,499.99,29.339199999999998,0.41159999999999997,AIR   ,0
1538,V444_8,PORT03,2000.0,99999.99,29.339199999999998,0.3112,AIR   ,0
1539,V444_8,PORT03,100.0,249.99,29.339199999999998,0.41159999999999997,AIR   ,0
